idType,ID,name,phone,address
License,75114,Vinny Davisson,6735177822,646 Lerdahl Center
Passport,27524,Robbie Gribbell,5767144530,934 Bluestem Parkway
Passport,39889,Ario Champniss,8938356010,89213 Oneill Center
License,29947,Lizbeth Beretta,6504276861,9037 Fieldstone Parkway
ID,68282,Masha Hellmore,8413367069,6 Mandrake Junction
Passport,20673,Penny Dallimare,3345746029,1 Oak Valley Drive
Passport,47366,Pall Obin,2908399528,617 Cody Court
License,75536,Bari Pateman,3616087415,710 Shopko Park
License,52502,Marijn Pipet,6224610570,9211 Mallard Park
License,67915,Lowe Gunton,6257977439,4 Elka Way
Passport,83361,Lacey MacShane,8935022757,920 Steensland Plaza
License,73275,Alley Reah,4834032838,0 Rockefeller Plaza
Passport,31700,Daria Whatford,4571018607,0535 Iowa Terrace
License,38194,Lottie Cockram,8511936495,0362 Colorado Street
ID,34903,Ulrike Pettifer,8663038290,1 Division Alley
License,88859,Rosanne Kilner,6499971537,7611 Moland Court
Passport,85402,Geoffrey Gilluley,8621072999,0343 Golf View Pass
ID,42737,Bendick Kalinowsky,3686703734,024 Sullivan Terrace
License,16968,Grady Steptowe,2178913335,67751 Starling Park
Passport,81458,Timmie Jee,5042457289,94 Duke Court
ID,15525,Brook Wimsett,2176600705,5 Vermont Crossing
License,88997,Harrietta Bilson,2807355437,091 Luster Pass
Passport,33553,Salomone Shemming,2166979062,7719 Linden Court
License,13605,Noemi Catmull,4713068787,7 Hanover Pass
Passport,33616,Camel Vasichev,4116416051,78 Sutherland Center
License,65952,Stephine Geely,8769700790,4898 Stephen Alley
ID,77257,Jane Postgate,3894355670,72150 Victoria Place
License,52751,Tobias Grayne,8184081310,7 Shoshone Pass
Passport,61213,Armando Mellor,9831239733,87376 Killdeer Way
License,64266,Arron Aberkirdo,6815800665,51126 Basil Drive
Passport,38904,Scarlett Culp,6616964867,84428 Harbort Alley
ID,39794,Phil Brosnan,8222422233,651 Anhalt Court
ID,48245,Harmonia Guiducci,6441206766,82 Farmco Street
ID,30682,Shirleen Gomez,2628819492,9 Hazelcrest Pass
License,99835,Kaitlynn Rowley,9878880089,8 Haas Center
ID,94323,Jermain Lesslie,8076845208,89274 Steensland Drive
Passport,48914,Prue Mowling,1061344455,92 Rutledge Junction
Passport,74290,Gerladina Leeson,3191594522,52 Mcbride Place
ID,71094,Konstantine Guisot,1836998792,918 Park Meadow Way
ID,11807,Sawyer McGregor,7879659646,76 Briar Crest Drive
ID,61624,Myrle Chucks,6658821537,21204 Kingsford Place
License,77179,Cynthie Thomel,1757284770,584 Kim Terrace
ID,96479,Saidee Bercher,7771545248,1661 Birchwood Park
ID,99949,Frasco Skitt,4592184869,27878 Jenifer Alley
License,85249,Kinsley Vokes,8565116773,9 Morningstar Avenue
Passport,50815,Emilee Crocker,3024743393,399 Magdeline Pass
Passport,26351,Hildagarde Cushworth,9128312357,335 Nobel Parkway
ID,28152,Shay Keeler,4818001044,68 Haas Avenue
Passport,99687,Arlena Akitt,3694538246,6305 Pond Terrace
License,28740,Antonetta Wroughton,7342535929,142 Green Street
Passport,47176,Codi Spohrmann,4693034920,7 Hollow Ridge Street
Passport,21240,Kore Lilian,7943363030,0 Buhler Terrace
Passport,36810,Claudine Abad,3445997332,5271 Sauthoff Lane
License,19489,Westbrook Kitchenside,1796919241,3454 Merchant Parkway
Passport,24774,Natalya Eteen,2293696238,39326 Glendale Place
License,60890,Kristofor Pappi,4261450848,954 Kropf Road
ID,33353,Kenna Lovatt,7477614600,05083 Briar Crest Terrace
License,40202,Joane Chevis,3029142471,44225 Carey Point
ID,80992,Leonora Erlam,1662315138,55 Hovde Crossing
License,40199,Caitlin Pietesch,2041824959,9 Brickson Park Place
ID,51844,Dixie Collick,5875344477,746 Logan Hill
Passport,80968,Wallache Chown,5291076491,882 Oakridge Plaza
License,67978,Nert Boltwood,6384311925,25 Bluejay Park
License,23374,Cindi Buttrum,8363940777,94 Clyde Gallagher Road
ID,66180,Bette-ann Duerden,6424847054,61074 Union Junction
License,24089,Dewain Wykes,3378381520,3 Barby Crossing
License,80007,Reggis Lamey,9279705933,4122 Mcguire Junction
Passport,85797,Rodolfo Jonk,6736943680,0299 Armistice Street
ID,90806,Nanine Napoli,8079589946,37277 Prentice Point
Passport,21615,Beitris Petofi,3132235139,54231 Canary Lane
Passport,81867,Dugald Simmers,7587761481,438 South Park
Passport,36079,Marline Gallaway,1715292817,794 Rusk Parkway
Passport,52890,Jordan Champe,6127739209,99820 Crownhardt Pass
ID,12777,Dalt Cobby,9124138318,74441 Anhalt Parkway
Passport,43455,Julie Tilbrook,6067653414,4116 Magdeline Park
ID,66910,Darrelle Kasman,9511481254,52 Blaine Terrace
Passport,35695,Anallise Immins,1343035766,51553 Kinsman Junction
ID,16017,Nada Edwin,4762288775,44397 Oak Crossing
ID,37840,Adam Cometti,3824572045,43 Golden Leaf Junction
Passport,32177,Armin MacParlan,3913097217,9109 Haas Crossing
License,77966,Jodi Cookney,3984399695,8181 Waubesa Trail
ID,72826,Gretel Robeiro,8778296696,40 Warner Lane
License,74786,Pepillo Colclough,8095562605,970 Fisk Center
ID,85161,Garwin Pomfrey,6346196336,452 Glendale Pass
ID,53539,Annabelle Clee,3561356582,9 Wayridge Parkway
ID,32248,Giuditta Critchell,9672106373,20266 Jenifer Hill
Passport,36391,Fanchette Winsborrow,1874960407,720 Grover Avenue
Passport,85856,Steffie Kane,1521744586,67 Bluejay Avenue
ID,40662,Dominik McNeachtain,7339952984,619 Village Trail
Passport,26758,Ashbey Calliss,7817576225,1314 Namekagon Pass
Passport,45851,Marguerite Prestedge,7627508832,004 Banding Hill
License,16907,Burton Keaton,8312653768,255 New Castle Crossing
License,62852,Vale Corradetti,7126125155,8 Carberry Avenue
Passport,17256,Chelsy Wank,2512311412,25 Shelley Plaza
ID,51210,Carlin Blanchette,7702096549,51 Orin Place
ID,74198,Alexandr Thyer,1759973111,1 East Parkway
License,77359,Ilaire Partrick,4093211272,67 Muir Crossing
License,92540,Mady Blacklidge,3926609492,661 Killdeer Center
ID,79966,Bartolomeo Sangwin,1234725178,9147 Melvin Street
License,65297,Reidar Hubberstey,2764601433,59 2nd Street
Passport,52745,Clayton Tunnow,9668316655,91585 Spenser Point
License,61963,Riannon Dyte,8606948445,61 5th Alley
Passport,34405,Aubine Greest,6606147157,1288 Raven Plaza
Passport,49401,Adelina Dearden,7037231505,5424 Sauthoff Crossing
ID,72462,Derron Spurdens,4074474608,8850 Scofield Lane
Passport,29970,Annalise Iseton,1639465462,6305 Eastwood Plaza
ID,77430,Robin Firle,4453428217,6 Cascade Drive
License,42593,Reed Hawkings,9599937115,127 Larry Junction
License,84180,Vonnie Jiruch,5776887415,311 Debra Junction
License,23532,Natasha Gleadhell,7608318930,13 Shasta Point
Passport,42652,Briana Francescozzi,9653796518,3735 Corscot Place
Passport,55802,Marion Dodge,9527517694,7 Colorado Avenue
Passport,74669,Grantley Reding,2339738703,80055 Clemons Road
License,90242,Cece Wagstaff,5639070531,355 Center Alley
Passport,22777,Harman Vears,4001471342,72 Ryan Road
License,61874,Alexine Challens,1615080925,275 Monica Lane
License,39362,Mala Tabb,7146600454,124 Sutherland Street
ID,16406,Ashbey Dakhno,3467157365,7519 Sullivan Circle
Passport,47824,Eadie Broad,7596834437,608 Bobwhite Center
Passport,20721,Kerri Goodyear,4303659839,33 Beilfuss Alley
License,64237,Anica Lantry,4245615885,80 Basil Terrace
ID,52891,Amandi Dyball,4254609331,31 Artisan Junction
License,88574,Fleur Buswell,5086376640,82714 Hanover Alley
Passport,97865,Heddi Dymott,7167604643,395 Longview Center
ID,11575,Paxton Sinclaire,3478820174,418 Saint Paul Alley
License,68529,Tucky Salkeld,6575948532,1525 Southridge Way
ID,53174,Lanny Tweddle,5761796969,6278 Meadow Vale Park
License,50436,Boris Casarino,7782046961,735 Hollow Ridge Street
License,94576,Bianka Vader,6779560795,9 Main Avenue
Passport,62670,Ailee Farady,6127669588,7294 Sheridan Hill
License,91010,Nappie Coggill,6493835062,65202 Almo Court
ID,27439,Lorry Bahlmann,4154820506,27 Logan Terrace
ID,34325,Kelly Breissan,4795731005,941 Bluejay Junction
ID,66487,Ariadne Grimoldby,6248520411,015 Schlimgen Trail
ID,19274,Dudley Murie,7091231030,4 Commercial Circle
Passport,44791,Myrilla Karpinski,8102468966,96 Kipling Place
License,98414,Abeu Rosensaft,6131776645,0403 Pepper Wood Trail
Passport,69130,Reade Peat,2528439218,26548 Boyd Court
License,34152,Marv Kadar,9071271449,40102 Maple Wood Park
ID,47730,Darill Reaman,1673593844,013 Victoria Junction
License,13992,Humfrid Terren,5085964292,85559 Nancy Alley
ID,21871,Hanson Atling,4616758621,3258 Graedel Road
Passport,49850,Rosanna Drillingcourt,7213387210,5 Scofield Center
Passport,37385,Davey Jurries,1091063220,1 Clemons Drive
ID,32004,Lenee Bolingbroke,2696286342,153 Shopko Lane
License,67173,Ross Warry,5604050630,426 Old Shore Plaza
ID,94376,Siouxie Rollings,8266478880,290 Bluejay Point
Passport,35134,Ada Hyslop,2176396484,2 New Castle Avenue
ID,91599,Wake Tinline,6375980940,6330 Roth Junction
ID,54550,Bertina Falls,2712206711,7893 Claremont Court
ID,99964,Annabell Berge,8536639000,8 Lake View Lane
License,71474,Janenna Weatherdon,8955360062,16 Mifflin Alley
Passport,15111,Paolina Conboy,4082773956,4 Arizona Plaza
License,87802,Abigale Poinsett,1971698890,96 Lillian Center
ID,95159,Roch Showen,2407222443,28 Sunnyside Street
ID,72485,Emlyn Caltun,6928646731,00245 Fair Oaks Trail
License,13756,Cassandra McClintock,8479137613,605 Melby Lane
ID,89224,Martin Poulgreen,4327384339,9 Briar Crest Street
ID,75915,Debra Kubach,2034508848,1229 Dexter Lane
License,20766,Robenia Shawl,7369897488,4301 Swallow Park
License,75742,Ryon Rennebeck,5878262994,6 Moose Circle
ID,75548,Davidde McBeath,6563882027,8808 Pankratz Place
Passport,94240,Kimbell Boniface,3375733653,858 Hollow Ridge Junction
Passport,81204,Hube Crutchfield,2113419885,3379 Badeau Plaza
ID,76265,Tony Megany,7773078576,2320 Morrow Parkway
License,25730,Hallsy Aubin,3179475623,8751 Stang Parkway
ID,99162,Alison Dulwitch,9612239916,77589 Roxbury Park
Passport,52042,Bekki Sarfas,5169821634,5 Ramsey Street
ID,37336,Tawnya Kempston,3936384180,31210 Spohn Park
ID,77135,Angelo Freake,2118504638,4 Garrison Lane
Passport,81261,Thibaud Loveridge,2267651629,1705 Hermina Plaza
Passport,31736,Aloise Darville,5303341960,64520 Twin Pines Center
Passport,25609,Prisca de Almeida,1347698864,067 Pine View Court
Passport,94732,Madelina Gossington,3668529193,86 Southridge Way
Passport,27831,Thia Dargue,6875968629,87254 Cordelia Hill
ID,86924,Thornton Swett,9731050898,2439 Clyde Gallagher Way
Passport,55309,Desiri Flecknoe,7468114848,0 Barby Parkway
ID,29999,Corrinne Pizzey,2639816432,94 Sachtjen Parkway
ID,80338,Romy Helstrip,8856612079,55222 Dryden Pass
License,44335,Jesse Mapham,2598139981,24 Starling Hill
ID,94665,Heidie Skipsea,8287859205,2779 Westerfield Plaza
License,20000,Tate Ferraron,5319992138,23997 Meadow Ridge Pass
ID,55023,Schuyler Beeby,5087872655,6947 Talisman Trail
License,72898,Mannie Brearty,8531601092,679 Melvin Crossing
Passport,78226,Corly Grimsdith,1334544530,04035 Thompson Center
Passport,84065,Joya Dagless,5403467164,0 Hazelcrest Road
License,68128,Sheelah Saveall,9849403099,563 Dexter Court
License,79571,Gilburt Do Rosario,1672920384,688 Linden Court
License,99081,Otho Burtonshaw,3182179462,82494 Florence Center
ID,29499,Agnola Cousans,7738231530,03 Acker Avenue
ID,52906,Phebe Rilston,5568182230,427 Barnett Circle
Passport,51165,Priscella Willett,2257093404,5981 Kinsman Lane
ID,44491,Reeta Prior,9187286097,001 Mccormick Lane
ID,71846,Boycey Saville,5292380089,8297 Melrose Plaza
License,79642,Rubetta Wallage,7619068619,2 Stuart Point
ID,11156,Colman MacClinton,7627556259,3494 Huxley Terrace
License,17888,Boonie Goodbarr,8651240097,4 Loftsgordon Terrace
ID,27492,Roberto Brennenstuhl,4126964977,85290 Springs Terrace
Passport,36063,Libbie Lynde,3285777936,008 Main Drive
Passport,60610,Giulio Guye,3852809236,041 Homewood Road
License,31088,Bruis Balme,7517116913,8534 Onsgard Way
License,99274,Martina Rowatt,3999201466,54 Claremont Alley
Passport,93262,Cornelius Emtage,2726298940,782 Mcguire Court
License,20043,Gib Wither,8639010048,78684 Mosinee Circle
ID,26326,Kathy Porson,2922993203,57 Leroy Plaza
ID,53944,Wendi Seers,7299930027,5 Arrowood Center
License,12985,Peg Pettitt,9571936861,48 Mccormick Circle
License,93148,Lonna Alford,1703919659,462 Jay Avenue
Passport,24404,Garold Sagg,4812680068,7737 Nancy Way
Passport,43292,Teresa Hucks,7234999387,39263 Gulseth Lane
ID,85219,Hendrika Luddy,1129059585,096 Spaight Drive
ID,92774,Tammy Lamberts,5225133622,391 Sycamore Plaza
ID,41126,Blinni Stoffler,5759036651,24031 Paget Alley
License,81701,Salomo Taylot,7728637781,30 Lerdahl Way
ID,77917,Sile O' Byrne,1666330922,0 Chive Terrace
License,49702,Dorree Carslaw,6468226193,1 Spenser Hill
ID,14058,Tatum Unwin,6096518105,947 Dorton Hill
License,77882,Ervin Grigoroni,4241431333,85545 Kennedy Road
Passport,91574,Lorianna Lerven,3896689683,02220 Golden Leaf Lane
Passport,63513,Dion Colvill,4244975183,734 Ramsey Lane
License,51306,Dougie Grzegorek,3472256980,27 Schurz Alley
Passport,92665,Lib Rutledge,1405969794,2196 Ludington Parkway
License,26752,Lorita Betteridge,3432861525,114 Trailsway Center
ID,23104,Jammie Johann,7743615075,019 Summerview Road
Passport,10181,Percy Wilford,9522733125,9768 Cody Court
Passport,54364,Felipe Bettanay,7558823257,77866 Pine View Avenue
ID,18800,Roselia Strutton,7872718609,753 Kings Court
License,17139,Donni De Benedetti,2291012351,2 Morning Circle
License,35979,Mayer Duny,2854231518,293 Grasskamp Crossing
ID,40588,Bess Cackett,4939846662,73 Carey Lane
ID,47264,Lorita Penney,3084389195,084 Calypso Street
License,82667,Birch Leys,3184502704,40 Clemons Alley
License,46830,Angelico MacLure,2902387590,76320 Fair Oaks Place
License,13340,Roze Perri,8794773822,208 Golden Leaf Drive
Passport,74909,Austen McCullough,4804494371,6 Pearson Place
License,63642,Mattheus McArtan,1724374253,28776 Rigney Court
License,88581,Darsey Loosmore,1575470810,03361 Golf View Plaza
License,51320,Valma Eilles,6997493069,87 8th Plaza
ID,72447,Trefor Parcall,5884973228,799 Tomscot Lane
Passport,61545,Derick Duddin,4255311123,7932 Huxley Junction
ID,67454,Astra Keunemann,6448245787,4789 Di Loreto Way
ID,29625,Davon Jobke,7582747109,882 Sunbrook Road
License,72426,Haskell Besque,9207609084,4 Meadow Vale Place
License,52356,Buck Eickhoff,2867709996,0 Trailsway Trail
License,11599,Marieann Edelmann,3549319427,32341 Sachtjen Point
License,10725,Erskine Fairbourn,1769617139,499 Garrison Court
License,40502,Carolin Ellicock,1668877439,948 Lotheville Drive
Passport,59966,Elwyn Gabrieli,3361050059,87718 Thierer Drive
ID,37092,Pip Slowgrove,7443970198,32456 Redwing Way
Passport,82665,Domenico Baline,3049038816,70 Londonderry Place
Passport,68239,Pryce Lammiman,3594676469,12586 Fordem Point
Passport,26168,Doy Pessler,5242048636,22085 Commercial Way
Passport,82537,Mitzi Gatus,9091078017,1 Magdeline Plaza
License,18968,Averil MacDuff,9143078663,90 Spaight Parkway
ID,43155,Tandie Awcoate,1315320310,91915 Springs Parkway
License,28589,Ingunna Beetlestone,6782786364,2038 Summer Ridge Trail
License,31296,Rona Cullerne,7541639442,81 Browning Place
License,46414,Emilia Langeley,7835179892,596 Moose Point
License,57805,Silvanus Papierz,7185262661,2 Pond Center
License,12283,Melony Huddles,2457657266,9 Nelson Terrace
ID,33983,Gardener Roizin,9102111653,2 Vahlen Drive
Passport,70184,Care Goldsmith,8085985980,771 West Park
License,15843,Claudell Prichet,3804791205,4 Vera Park
Passport,86626,Callida Bragginton,5937054971,8577 Browning Court
ID,60197,Alta Domenico,1508069893,643 Montana Street
License,60724,Ceil Revel,9487980767,729 Service Pass
Passport,97311,Cletus Carus,2824511229,8241 Monica Terrace
ID,88735,Shelton Bonniface,6261213109,395 Golden Leaf Way
ID,38543,Josepha Berecloth,6663513230,872 Chive Avenue
ID,44479,Fifi Shaves,3715876859,716 Jenna Place
Passport,64617,Joly Bedberry,5055945365,53 Grayhawk Plaza
Passport,85453,Camile Ramshaw,6024816057,0172 Ronald Regan Way
Passport,49023,Dael MacConnel,3422425180,61917 Monterey Plaza
ID,33235,Tracey Ashwell,5173842990,891 Fairview Point
ID,19545,Glori McGooch,4464120116,90 Hanson Court
Passport,38323,Claudio Codd,6491883881,1064 Tennyson Street
Passport,58416,Nannie Blow,1835307138,16709 Golf View Circle
ID,49970,Roddie Clappison,1243420142,21964 Meadow Valley Pass
Passport,50577,Andy Musker,8392381895,686 Everett Center
ID,12228,Regen Jendas,8446852026,694 Hoepker Park
License,22593,Olag Oatley,4138297524,7050 Westerfield Place
Passport,16831,Calypso Furneaux,5578746399,1023 Sundown Junction
ID,23424,Ruthanne Berrey,2587633237,17 Heath Crossing
Passport,55590,Anderea Valentino,2627896700,331 Parkside Place
License,92154,Ursa Lavalle,3391276410,52 Loeprich Road
Passport,30747,Linnea Hargreaves,3508246644,66950 Fuller Court
License,10075,Lila Matteucci,5703896908,5 Westend Hill
License,34500,Bert Clementet,6832583496,822 Victoria Way
License,30173,Hobart Sherbrook,4311624484,42 Village Green Terrace
Passport,93273,Matthieu Erskin,2554812456,7586 New Castle Trail
ID,79697,Taite Wyrall,5277055456,791 Mayer Road
Passport,38807,Wilie Amor,1178544505,86 Lyons Center
ID,93372,Rudy Loveguard,4288909541,4956 Riverside Alley
License,65101,Solly Yerborn,8409047281,21820 Barnett Way
Passport,23726,Jeni Winfindale,1409713277,4225 Schiller Parkway
ID,95256,Norrie Bridgen,1946131868,56 Iowa Court
License,20181,Bunny Whalebelly,6108138006,7758 Magdeline Parkway
ID,73221,Gene Fant,3527243293,44 Alpine Terrace
License,52629,Felicity Arniz,2138289173,12729 Fulton Point
License,96478,Rudolph Hayman,7392123154,6107 Elmside Avenue
License,27725,Mark Steers,4993026627,39 Forest Plaza
License,33255,Madlen Doak,7435385247,5 Blue Bill Park Street
ID,53530,Alejandro Oloshin,8855301467,55607 Vera Center
Passport,57205,Sinclair Connochie,5701628881,3935 Grayhawk Way
ID,93193,Celestine Kedward,4498626234,707 Sloan Junction
ID,60636,Tades Griggs,9513868348,37231 Hudson Trail
Passport,39071,Artemas Cummungs,2122407276,92581 Memorial Trail
Passport,94660,Riordan Slowley,6267617572,69 Shasta Street
Passport,10758,Finlay Footitt,6782656494,8 Buhler Junction
Passport,56392,Kynthia Ubsdell,7233769892,5290 West Junction
Passport,90338,Blondie Yankin,1632326539,777 Straubel Crossing
License,99262,Lance De Francesco,7396856418,7 Homewood Lane
Passport,10805,Miguelita Goding,1244129358,6 Raven Point
ID,85889,Brande Goodred,8283679061,671 Manitowish Circle
Passport,52914,Lucio MacIllrick,5713099298,48 Myrtle Center
ID,75898,Shay Fishenden,8687295617,50768 Spohn Court
Passport,17550,Annetta April,6793150334,2918 Burning Wood Terrace
Passport,40594,Georgette Beaven,5711070062,5 Mayfield Lane
Passport,90856,Waylon Bullman,4133744369,0867 Bunker Hill Lane
Passport,83796,Raff Tune,7043932599,71 Maple Crossing
License,34994,Jerry Waggett,1249197067,9 Helena Circle
Passport,25169,Anastassia Pere,3343242714,2 Hayes Alley
License,10942,Cammy Tytcomb,8463653872,23722 Dapin Drive
Passport,50484,Adair Hunton,8158395013,2931 Maryland Trail
ID,57404,Berkie McCarney,6016808747,077 Aberg Parkway
Passport,13101,Gratiana Pendlington,9213204094,6 Leroy Crossing
Passport,80583,Ameline Nazareth,9357798154,8 Vermont Lane
ID,11608,Adaline Gillingham,9983913981,973 Michigan Place
Passport,55440,Shandeigh Anyon,4172378912,9462 Namekagon Street
Passport,70606,Marlane Jeskins,4585962891,9780 Stuart Parkway
License,84854,Kattie Matteo,7388373625,95072 Anzinger Terrace
ID,29832,Nissy MacRannell,9461297576,46748 Eliot Pass
License,28640,Nicholle Cathel,7546927054,48646 Westend Alley
Passport,57463,Maible Garces,9502664393,968 Corry Pass
Passport,69735,Galven Behn,5629077272,2 Prairie Rose Street
Passport,89616,Alma Rentz,5595174041,48133 Summit Street
License,60811,Vance Bramford,2334610821,42 Kinsman Point
License,86389,Feodora Ortsmann,3081662285,33 Talmadge Drive
ID,89886,Nan Radmer,9352498978,4095 Randy Terrace
License,73122,Rock Saben,1756184438,80 Esch Alley
License,36850,Giuditta Rama,2703338911,3371 Steensland Road
Passport,42409,Celesta Phelps,6071998836,083 Brown Street
License,41772,Juieta Picardo,7764754514,2 Summit Drive
ID,40459,Willey Bonnette,8197182933,4 Stang Crossing
ID,80477,Ronda Burmingham,4026916985,326 Forster Drive
ID,56510,Dolley Giles,2349330937,10335 Westerfield Plaza
ID,57912,Izaak Craig,6369886545,98152 Kingsford Park
ID,15227,Gabriella How,4884354514,16 Transport Plaza
ID,34393,Joshuah Brimley,9417842624,48474 Judy Circle
License,12911,Lyssa Playfoot,5783194395,854 Oakridge Avenue
Passport,66825,Patrizius Daunter,1966409645,086 Mallard Parkway
License,73738,Osborne Gelsthorpe,7449454314,3 Hovde Parkway
License,87383,Kermie Hebard,7148610981,2 Glacier Hill Junction
License,27307,Eddie MacGuiness,1999918990,0 Shopko Street
ID,17402,Karel Scanderet,3396180724,426 Blackbird Drive
Passport,33711,Reggie Housby,1724700550,127 Sunnyside Park
ID,25606,Sylas Rozenzweig,2702985751,7097 Arkansas Point
Passport,57714,Hilliard Mattiessen,1048770147,531 Hollow Ridge Point
License,42584,Erik Casellas,6686875519,16 Maryland Avenue
Passport,97502,Idelle Topes,1484176329,8603 Waxwing Drive
License,89958,Emmi Warkup,4834080894,5 Dakota Terrace
ID,53248,Vicki Hemshall,2899724146,38344 Nancy Court
License,86998,Myca Allgood,4108840257,87 Bartillon Alley
ID,37947,Cleopatra Spring,1827962894,854 Del Mar Park
Passport,10705,Delinda Feron,5093609365,260 Little Fleur Hill
Passport,67065,Reeta Kroll,4176611495,170 Clyde Gallagher Road
Passport,53055,Tania Vant,5514344152,57 Westridge Court
ID,57745,Issi Setford,9406864844,00544 Stephen Point
ID,53765,Linette Ovitts,6862266626,0 Westridge Plaza
ID,68239,Vyky Boissieux,6302825423,453 Mitchell Road
License,14538,Lennie Slight,8655028635,0 Canary Plaza
ID,54820,Donielle Winfield,3881480891,0790 Mosinee Parkway
Passport,89838,Everett Esbrook,7849396261,99097 Mesta Road
Passport,92443,Staffard Tanswell,6827992470,274 American Court
Passport,43039,Raymond Thom,4912148232,2228 Maple Wood Way
License,46783,Arturo Jerrems,4017668985,42 Coolidge Terrace
ID,32709,Eleen Kares,8136323395,93 Mariners Cove Lane
ID,75203,Elwin Banbrick,6168377930,9 Messerschmidt Street
Passport,78894,Aldis Selbie,2646183180,4451 Porter Center
License,21385,Cristionna Stickins,3445074455,01 Portage Avenue
ID,81249,Beverlie Krzysztofiak,9334765213,8393 Hanson Court
Passport,35873,Moselle Locke,6574658022,7859 Sage Court
License,68966,Cly Reveland,6036473977,01569 Walton Parkway
License,99183,Berta Leddy,2565587231,91 Sloan Plaza
License,94227,Barn Tomaskov,4405050469,06 Namekagon Pass
Passport,44322,Alard Gambrell,5505817790,8155 Manufacturers Park
ID,33564,Immanuel Sabates,5909950051,06015 Granby Way
Passport,84577,Alisha Parton,8975310547,2 Hermina Junction
ID,21570,Sharlene Stocken,6815931482,09 Ridgeway Point
ID,31900,Marybelle Mulbery,1765218377,214 Homewood Court
Passport,90795,Allyce Muckart,1042790222,6062 Hansons Way
ID,80005,Reagan Scroyton,5935333698,71022 Burning Wood Drive
Passport,90896,Gorden Hintze,4114459349,7 Vera Crossing
License,36004,Peterus Potteril,2765578184,494 5th Hill
License,42184,Sal Turbern,9393050630,1 Gateway Center
ID,77272,Oralla Gaine of England,1251641378,991 Rusk Pass
Passport,60878,Chrissie Alejo,9262892394,3208 Almo Plaza
Passport,63728,Upton Kolin,5892785464,5 Sunnyside Center
Passport,79740,Bevon Tideswell,6053115389,36 Bay Parkway
ID,41056,Anselm Itzkovich,2131461102,72 Arkansas Court
License,14786,Mickey Weigh,4757172353,5 Hoffman Trail
ID,12158,Hendrika Sime,4748332931,87601 Jenna Hill
Passport,45635,Emyle Dobie,3493479647,775 Novick Lane
ID,22851,Lauretta Jepp,4827951976,04166 Sugar Terrace
License,97210,Elliot Etter,9322177700,972 Birchwood Trail
ID,24269,Leupold Bisseker,8705294067,8505 Lake View Circle
License,47271,Eloisa Jurick,4864029914,0 Springview Way
License,66140,Grace Szantho,6674326023,0 Duke Lane
Passport,32032,Aprilette Kerfod,6367433762,023 Hallows Pass
License,24638,Mic Rippingale,5113102664,94145 Prairieview Avenue
Passport,43740,Thomasa Iashvili,6814009983,695 American Court
License,49825,Xylia Schade,9127859961,9999 Sunbrook Way
ID,64310,Louis Dunckley,1288814859,364 Jay Avenue
Passport,56122,Briano Ovett,8505021331,235 Birchwood Drive
ID,83930,Ruthie Johannes,7615666873,43 Gerald Road
ID,70749,Rustin Sneesby,2161812741,7 Dixon Way
License,29411,Georgia Rowling,3095959702,06 Hudson Place
Passport,44738,Morey Willcock,6793393855,91 Mendota Road
ID,57822,Dolly Tomsen,1135497886,699 Tony Point
Passport,38292,Sam Colbran,2357498815,8322 Stoughton Junction
ID,11344,Legra Clemmensen,1345960557,90456 Charing Cross Place
License,15323,Matthias Mabe,9105393593,729 American Ash Hill
Passport,78688,Felita Arthurs,8602894585,7780 Jana Trail
License,16855,Korella Gilardone,5262739681,997 Pleasure Pass
License,64891,Celina Bucknell,9764219935,6377 Portage Street
Passport,13769,Mack Stuchberry,3454795217,17741 Anniversary Court
License,19335,Marcel Bascombe,7141566054,03143 Barby Plaza
License,62991,Billy Dennes,9396352437,863 Hoepker Terrace
License,32546,Ingaborg Huggan,2544432434,5 La Follette Park
ID,79914,Melli Brabant,9871141504,466 Westport Lane
Passport,27516,Forbes Zappel,4381782435,82546 Maple Wood Park
License,36063,Devonna Mobberley,6601209262,9 Manufacturers Road
License,43162,Augy Fick,8839020401,35 Alpine Hill
Passport,67848,Darcey Ditchfield,4533803494,7387 Coleman Avenue
Passport,54748,Silvanus Braid,8208077916,14482 Eastlawn Avenue
ID,87959,Cristionna Pearcehouse,1172147948,491 Lakewood Point
Passport,26976,Pooh Tansey,9238412433,236 Shelley Trail
License,83215,Melesa Itzhaki,4774416529,91 Gale Street
Passport,33075,Balduin Roscamps,8405347664,40765 Schurz Terrace
ID,88821,Kittie Fierro,8185349055,7221 Schmedeman Avenue
License,50673,Aylmar Doig,3083944578,19308 Sutteridge Crossing
ID,97159,Gaspard Paffot,4417391486,31996 Loftsgordon Drive
ID,36166,Burr Christopher,9104768605,433 Emmet Place
ID,75716,Shelia Trump,1727543437,211 Eastwood Way
ID,20760,Nicolle Aspinal,2632292790,74364 Vidon Crossing
Passport,57368,Wallis Alps,3358667309,4907 Onsgard Pass
License,46443,Debee Sorbey,2591084104,76 Buena Vista Alley
ID,16178,Billy Golland,8788020565,759 Dexter Street
Passport,97895,Judi Cutcliffe,4183138984,393 Birchwood Crossing
License,11251,Antonina Curness,1105698340,90389 Coleman Avenue
Passport,74211,Rafaellle Scamadin,5597452762,42 Acker Court
License,90676,Birk Ambroisin,4408698947,3 Butterfield Way
ID,83902,Patricio Gionettitti,6153623340,6 Crescent Oaks Road
ID,58662,Roman Werndly,4447133469,21 Saint Paul Pass
Passport,78724,Jorie Butfield,9908880675,061 Continental Terrace
Passport,35628,Gery MacAndie,2712969901,79034 Pearson Hill
Passport,41910,Garnet Crotty,7804574927,82 Ridgeway Plaza
ID,65940,Paige Sidney,7301403486,200 Meadow Ridge Hill
Passport,28131,Pavla Fearby,9854525725,215 Raven Street
Passport,56979,Lane Ducaen,3628588547,22081 Chive Hill
ID,47992,Hyatt Falls,9737331953,465 Jackson Circle
ID,48466,Maureene Carbonell,2674277475,74567 Vernon Point
License,71236,Karena Fomichyov,6728236855,5 Golf Course Court
License,73905,Orsa Busby,8819318573,9009 Northwestern Parkway
Passport,91189,Ellie Lydall,1755487695,1 Hallows Hill
Passport,41388,Brigit Fryd,3792085677,1 Buhler Hill
License,20704,Ram Plank,5591992647,84 Bashford Crossing
License,86787,Chrystal Larrett,1443731633,8 Declaration Plaza
License,95904,Tamqrah Churly,6315163473,19796 Main Terrace
Passport,83070,Ethelind Hambridge,4999067892,16592 Helena Center
ID,25541,Auberon Rubroe,3585374092,6653 Ohio Alley
ID,41641,Zara Idwal Evans,9934618469,985 Dapin Street
Passport,38291,Dallas McCreedy,1772679443,5823 Monica Crossing
Passport,36523,Bartolomeo Hebner,8194002457,2067 Mayfield Circle
Passport,81209,Jacintha Mangenot,8717087517,667 Dorton Terrace
License,17020,Justus Gillan,8283640646,34 5th Lane
ID,40735,Nadya Mannagh,4049023819,36 Reindahl Court
License,90871,Gennifer Hryniewicki,8761293166,46 Banding Way
License,58993,Carlita Mertsching,8964707815,20349 Northridge Pass
ID,21127,Celisse Gillbe,5282242633,2 Calypso Drive
ID,83242,Toni Coe,4205048490,67056 Main Drive
Passport,55865,Buddy Fardoe,5473021639,1 Dennis Hill
Passport,89624,Ilario Dutson,6507394006,11820 Veith Court
Passport,13755,Yetty Sidry,7305295210,55 Dottie Alley
License,65767,Finlay Henbury,5015776666,1928 Fallview Avenue
License,76488,Virgie Akram,1122192147,99600 Cardinal Avenue
ID,69275,Codi Alvarez,6916102062,785 Fulton Terrace
ID,88368,Lonnie O'Hdirscoll,4617491831,3332 Maple Junction
License,94110,Cristi Kuhl,5848995872,6 Jana Road
ID,46394,Alfonso Mattiato,8072113315,5 Warrior Court
Passport,97419,Joann Rodliff,9672104929,83500 Lerdahl Hill
Passport,15271,Jourdan Worlock,9091327261,777 Red Cloud Way
Passport,71970,Cherianne Stobo,1086866394,9 Ruskin Terrace
License,11426,Catharina Burnand,2663089608,29144 Village Court
Passport,36286,Costanza Renvoys,1853861903,34353 Welch Trail
Passport,90698,Lilli Pleasaunce,1727896213,3 Sutteridge Hill
ID,75473,Zitella Francie,5543049861,0275 Fuller Place
ID,72775,Fredi McMoyer,4796891387,2074 Fisk Drive
ID,73668,Alyosha Dyzart,2869132181,20 Rieder Trail
ID,32948,Dreddy Stading,6385233696,9 Rockefeller Crossing
ID,77800,Rebekah Tomsu,7927907596,5335 Delaware Junction
ID,76198,Moises Flanner,3707264721,842 Autumn Leaf Street
ID,40567,Debor Castro,8092742416,13414 Farwell Junction
Passport,22387,Biron Jedrych,2046968665,0 Brickson Park Drive
ID,59540,Marni Maytom,7935343931,44762 Elgar Avenue
Passport,58123,Tracee Eastes,6791988032,98 Old Shore Drive
ID,39368,Carol Turrell,6804004654,17 Del Sol Terrace
ID,93629,Abagail Taylder,4573006502,3056 Acker Way
License,34090,Carri Hammon,9448875238,92 Hagan Street
License,82061,Vinnie Eger,1406501369,02 Victoria Street
License,57409,Vivyan Wyche,6231113440,3245 Gale Place
ID,35497,Prentiss Giovannazzi,8401512266,743 Northfield Court
Passport,71787,Rad Szwarc,3534649369,05561 Mendota Trail
ID,89916,Silvan Thorndale,3471385810,3 Dorton Park
ID,24338,Sharai Kristoffersen,7168936556,60 Buena Vista Alley
License,42226,Francklyn Heugel,6776140181,179 Steensland Plaza
ID,54286,Kaylil Dhenin,2681338176,2295 Lakewood Gardens Circle
License,10343,Reinhold Theobalds,7949010863,0405 Autumn Leaf Drive
License,86822,Kizzee Bonwick,9903895105,6980 Graceland Terrace
Passport,40338,Nada Briance,1408824278,769 Norway Maple Circle
License,92188,Serena Isakovitch,5239184022,47 Monterey Crossing
Passport,13971,Earvin Squirrel,3072224003,2020 Veith Trail
Passport,33169,Berk Barnwall,3417879095,69 Corry Place
License,42631,Weylin Goss,7547053004,210 Iowa Way
ID,95172,Matthieu Riddler,3635072431,15 Gulseth Drive
Passport,54088,Phylis Bolstridge,9281457029,61249 Becker Plaza
License,79361,Alyson Ballay,8962345973,347 Vernon Circle
Passport,11788,Zacherie Boomes,3331974905,2879 Barnett Street
Passport,86803,Bernice Pitway,3619215969,242 Jay Drive
ID,77696,Kathryne Tearny,4886145376,40610 Marcy Junction
Passport,51978,Griffy Yedall,5454354107,0805 Eagle Crest Street
License,91670,Blakeley Barthot,1629678803,5 Hallows Crossing
Passport,37860,Orville De Giovanni,8109844285,49456 Sage Street
Passport,49204,Brooks Tunna,8347141524,1 Hagan Plaza
ID,69148,Wynny Joblin,8794853283,5 Bultman Drive
ID,48803,Amory Ovill,2017858411,364 Barby Avenue
Passport,63753,Shepard Spolton,8733288913,3176 Vernon Way
Passport,47098,Griswold Rapport,5254211079,608 Beilfuss Way
License,70689,Sigismund Barniss,1134173350,7640 Gulseth Parkway
ID,58172,Yorke Lewis,4224346676,55636 Clove Junction
Passport,15247,Bat Timmins,4527901450,4 Armistice Alley
License,98511,Gail Clover,8844766546,876 Truax Park
License,85502,Wallie Bernette,9556786894,9 High Crossing Trail
Passport,67420,Joya Gale,1135534468,56 Saint Paul Terrace
Passport,52082,Sander Hawney,3318969095,64213 Reindahl Hill
Passport,81740,Duane Mathwen,2578754255,507 Luster Park
ID,29614,Sande Skill,3125886744,3172 Hoard Center
Passport,54290,Sapphire Lavalde,7125077780,802 Maple Wood Way
Passport,91731,Fifi Carriage,8043705374,34785 Ridgeview Park
License,87757,Sydelle Prisley,4908701436,27 Armistice Terrace
ID,95674,Diena Coniff,8959473458,9 Michigan Way
License,74896,Elsie Stichall,3367135123,64 Bluestem Drive
ID,92616,Lynsey Harkness,1183888995,3 Morrow Circle
License,56631,Natka Lansdowne,2079096725,6 Green Center
License,80660,Tami Fiorentino,9045579181,73 High Crossing Center
License,71237,Issie Noice,5425345747,63 Corben Place
ID,88630,Katharine Flay,8723895690,11050 Farmco Court
ID,87040,Penni McCroft,3391401997,87 Golden Leaf Center
Passport,63083,Joaquin Grenfell,4078032577,4 Coolidge Place
Passport,45479,Sibeal Finby,2896765134,78098 Anzinger Center
ID,18330,Evangelin Zink,7433069625,1491 Butternut Place
Passport,15140,Allsun Straneo,9985206542,0 Hooker Park
Passport,22610,Onfre Diter,1949772147,1311 Dorton Street
ID,11022,Shelbi Chasle,5447025834,8 Sunbrook Crossing
ID,33230,Mayor Tryme,9989684601,96 Butternut Point
Passport,99448,Adoree Abrami,2996745290,93924 Farmco Street
ID,79996,Sarette Rablen,7099390576,392 Nova Drive
License,74202,Dorry Castanaga,5286833366,4668 Saint Paul Street
ID,25419,Nydia Gatehouse,2599281772,880 Barnett Trail
License,96838,Nate Titchen,4183268425,15 Meadow Vale Parkway
License,78971,Corbett O'Griffin,2833408956,23 Springs Place
Passport,95646,Taylor Aronin,2879180185,00556 Declaration Circle
ID,75787,Kore O'Duane,2314297921,3 Sherman Street
Passport,27852,Constantine Colebeck,7036922074,1 American Junction
Passport,95258,Marcy Spino,1054206933,6 Glendale Alley
Passport,64311,Darline Slater,7797753206,8101 Fair Oaks Way
Passport,24982,Barnard Keyho,2677781120,32 Clove Crossing
Passport,11640,Norry Glenwright,2003502831,1847 8th Center
License,20052,Steven Henriques,5232587449,6202 Debs Crossing
License,63160,Diana Tearny,8378476541,29720 Fulton Lane
Passport,84037,Dorthea Kain,2575194805,34670 Springs Court
Passport,79995,Marcelle Pideon,8609684443,2446 Westridge Hill
Passport,26958,Kristo Cawthorn,1877931365,5 Maywood Center
ID,56047,Stacy Pimlett,9442577368,34823 Hermina Plaza
ID,82745,Rodger Edington,7119500525,8367 Duke Lane
ID,48412,Minna Shory,3409101084,553 Sunfield Junction
ID,31701,Forest Corden,3697267202,1 Talmadge Road
License,40559,Atlanta Pareman,3483587061,573 Bartillon Place
ID,23287,Lenette Yuryaev,5715103054,18880 Jenna Alley
ID,81923,Jeniece Pugsley,6219141503,9 Ridge Oak Way
Passport,88565,Louisa Menhci,3233062360,2 Hooker Pass
Passport,95233,Linc Mulholland,5404501986,94 Ilene Crossing
License,37537,Bambie Rase,7825308150,0921 Johnson Park
ID,64660,Lil Tesdale,8455914965,5 Cherokee Junction
Passport,88876,Kellen Nassi,9875522670,0194 3rd Crossing
License,57099,Ariel Killwick,8481368022,378 Kings Street
ID,10713,Harli Ivimy,3536854556,849 Birchwood Pass
Passport,30607,Janessa Davies,3175863553,28 Comanche Trail
Passport,78800,Constance Ambrogio,7224971733,82270 Lotheville Alley
License,44499,Sonja Askaw,4422752395,9757 Algoma Circle
Passport,84033,Jabez Loukes,4924425749,014 Prentice Drive
License,62279,Geri Berringer,8787131243,60 Fordem Court
License,26770,Hussein O'Halleghane,7501990035,5914 Southridge Plaza
ID,11222,Joana Jeanneau,4082149916,7689 Anniversary Drive
ID,28128,Phyllida Kubyszek,7814329104,5 Ramsey Center
License,18517,Dede Lewtey,2228906222,41921 Dottie Road
Passport,78075,Giffer Presho,2136572663,2606 Forest Dale Parkway
Passport,87331,Mignonne Applewhaite,2665476174,99604 Spohn Pass
ID,44198,Holli Peoples,4145248038,98415 Meadow Vale Lane
License,31633,Annemarie Clemmow,6026717019,85124 Melby Parkway
License,47111,Halette Heatly,5529409946,683 Weeping Birch Junction
Passport,36851,Gerry Worsalls,6643539720,515 Lerdahl Point
ID,89341,Sarine Ondrusek,6287955614,1918 Menomonie Alley
License,17712,Waldon Jenteau,6618529541,2777 Emmet Place
License,94693,Paxton Riglesford,8691866618,9 Grover Plaza
ID,96195,Gene Brideaux,9154899767,2971 Raven Terrace
Passport,54255,Marin Trencher,2326898480,54447 Carioca Alley
Passport,51125,Winnifred Atwill,1069451748,5 Reindahl Lane
ID,38425,Oriana Welbourn,6935049876,3 Sheridan Junction
License,31847,Moira Orrobin,6699397829,817 Dixon Way
Passport,11983,Hastie Skarin,7475251402,8249 Roth Trail
Passport,92156,Cullin Shoosmith,6398797114,5208 Bowman Hill
Passport,50136,Maud Bonnin,2854179268,44856 Dunning Circle
License,13312,Jamima Aldam,6279720144,8666 Mesta Street
ID,14145,Alvis Giannini,3893332547,50245 Merchant Park
Passport,23750,Shae Hinckes,6416667233,9563 Corry Street
Passport,73943,Freddi Yakuntsov,3694667437,2343 Banding Avenue
License,71627,Glendon MacAvddy,1254166651,626 Hansons Alley
Passport,82956,Mahmoud Connerly,9785703097,8 Comanche Pass
ID,94942,Vale Ferrao,6863221395,71177 Westport Drive
ID,82199,Edin Britcher,7173779406,262 Barby Drive
Passport,51719,Ferdinanda Lief,2782194663,177 Everett Place
ID,98665,Byron Duke,6134998040,6 Norway Maple Center
Passport,59503,Calhoun Castelot,4928815331,7 West Court
Passport,80952,Benny Frickey,7029513350,1 Debra Hill
ID,99149,Marlie Goscar,8654543630,4 Surrey Road
ID,71624,Fredericka Kief,8155274844,3977 Becker Hill
ID,76413,Ulrich Radbone,4417910877,82 Green Lane
License,54632,Lenci Odde,2051833811,200 Superior Street
ID,69964,Everett Carbery,9203302107,4 Cottonwood Way
Passport,34371,Audie McAuslene,7228433812,9107 Lunder Avenue
License,96138,Arty Peres,6686983577,790 La Follette Street
Passport,99819,Gene Delahunty,8316368535,6379 Hauk Drive
Passport,63207,Alyse Rathmell,6728940027,0850 Derek Avenue
ID,24039,Gunther Lanon,6635911476,849 Oxford Center
License,27859,Brand Southard,7895904803,1 Ilene Place
ID,93856,Adrianne Locke,8112158813,6033 Union Center
Passport,50659,Uta Laphorn,4262845253,3 Heath Plaza
ID,95928,Moria Danko,4066438143,230 Schmedeman Circle
ID,66215,Josephina Collick,9983163976,0 Eastwood Crossing
Passport,91753,Verna Grayland,5001532716,626 Sunnyside Drive
License,77964,Bert Giorgeschi,1474361876,2109 Banding Street
License,52518,Trude Febvre,9662596683,8471 Elka Center
Passport,96553,Stella Mustoo,4263982501,40 Debra Point
License,31343,Murvyn Crannach,2688512050,948 Dixon Pass
Passport,15105,Matty Hrynczyk,8519828648,8169 Homewood Junction
License,94852,Charita Pentony,1495796207,0 Wayridge Place
ID,94186,Orelia Jodlkowski,1131401483,94 Cherokee Alley
Passport,82304,Stearn Simenel,8972433203,76 Caliangt Place
License,36308,Boris Jiran,3911400622,66 Vera Court
ID,80357,Julius Hegges,2489427230,6083 Summerview Court
ID,74669,Rowland Brachell,1557923487,6 Acker Junction
Passport,78889,Locke Simmank,7697454606,84380 Acker Terrace
ID,12917,Gretal Cathie,1685123536,83 Duke Trail
Passport,25922,Peirce Djokic,8456772758,99 Schurz Junction
License,65391,Ric Sommerly,1736727688,6 Dexter Center
ID,11065,Belva Westcot,8172233143,99877 Nobel Court
Passport,82743,Floria Richfield,4196702533,290 Crest Line Park
Passport,44643,Clayton Asman,8299124076,580 Waubesa Parkway
ID,79949,Ailis Cawsby,6748605924,7553 East Lane
ID,61360,Ichabod Itzhaiek,8407833029,22 John Wall Plaza
Passport,27401,Ianthe Skarin,7907040811,94188 Nobel Crossing
Passport,38985,Dede Torrese,5115874871,42 Delladonna Parkway
License,66291,Jess Geer,8012881216,720 Nova Lane
License,25108,Priscilla Lyard,3537868478,44 Village Circle
Passport,93805,Jerrie McTiernan,4021435527,6 Portage Way
License,48772,Neilla Shalcros,2765620892,745 Fordem Avenue
License,70600,Kendre Touhig,3247588099,9427 Cascade Road
License,29302,Derrek Kenewell,1427732028,9615 Orin Park
Passport,95251,Manny Dodamead,1825453497,447 Fisk Way
Passport,42854,Vern Franzelini,8946209555,6 Moulton Trail
License,25687,Hedvig Paunton,5204673906,24508 Prairie Rose Road
ID,49584,Karia Danes,7085573800,99827 Orin Pass
ID,32808,Lurline Hopkynson,7044153365,16 David Plaza
License,91685,Ede Peebles,2297384807,2 Corry Road
License,97033,Cyndia Dunderdale,2404872770,796 Westport Pass
License,16258,Charleen Bhar,9246624167,452 Merchant Way
License,83392,Welby Daggett,7141347764,320 Westend Place
ID,45896,Hallie Veysey,1668749963,93 Larry Way
License,18044,Jaquelyn Roath,8302397743,962 Westend Park
ID,36895,Tony Gunton,3028806237,169 Grasskamp Court
Passport,58177,Kimberly Crickmore,4867151091,0127 Becker Circle
Passport,93550,Denny Kilian,3036539795,5 Northport Trail
Passport,89532,Joelle Bettison,3722249559,646 Almo Trail
License,17258,Abbi Dever,2835053857,08 Dovetail Drive
ID,42480,Dud Fontelles,7645796034,599 Grover Court
ID,12161,Bartolemo Middell,5248059157,091 Bunker Hill Way
Passport,51538,Ree Kroll,1393776433,98933 Westend Hill
License,98814,Aviva Britto,2987736038,4181 Bayside Park
License,74721,Marketa Pottie,5639356174,65694 Washington Park
ID,42272,Sharleen Cookson,6329822331,35888 Charing Cross Trail
ID,35313,Vito Matushevitz,3738068465,853 Aberg Lane
ID,25974,Garrick Yeoman,9488199236,99 Everett Hill
Passport,22017,Wolfgang Pogson,6256494675,6 Brown Park
License,21061,Allissa Burdett,3676481518,00006 Walton Alley
License,27325,Nealon Benbow,5328534446,70540 Chinook Avenue
Passport,32081,Rurik Joe,2101004698,5145 Swallow Terrace
ID,21988,Amberly Lefeuvre,3326810095,34074 Fordem Circle
ID,49315,Hebert Blair,4133961515,93 Springs Junction
ID,69321,Cointon Ody,1514634702,8679 Daystar Crossing
ID,33119,Rois Coxen,1782009239,0 Southridge Drive
ID,25546,Claudie O'Giany,9812863297,294 Northfield Parkway
Passport,29596,Crin Binnell,8821017142,435 Twin Pines Terrace
License,84098,Bessie MacCarter,6079257675,01 Crest Line Lane
Passport,53712,Saul Champain,9424304740,96675 Dayton Parkway
Passport,43718,Sawyer Montel,2469914664,5594 Harbort Avenue
License,20206,Svend Heining,8451646021,4 Ramsey Crossing
License,34141,Nancie Brumbye,4437097327,58 Russell Point
Passport,74399,Chrysler Chasen,6949713130,13 Birchwood Crossing
ID,97944,Dominic Stennett,6439812314,8641 8th Way
ID,55904,Adria Serle,7882023996,2986 Aberg Alley
License,79270,Emily Hourstan,6061606700,13 Anhalt Avenue
ID,97643,Rayner Berget,8835449586,32 Melody Point
Passport,97816,Rikki Bolter,1832238666,643 Superior Park
License,13619,Nehemiah Beadham,3772698032,7911 Kedzie Lane
License,90057,Lindon Pickford,7141333216,57 Maple Road
ID,87632,Harmonie Yeowell,3695668533,7238 Annamark Plaza
Passport,46881,Shanta Greenslade,1436510007,1 Kropf Parkway
ID,83333,Gavrielle Logan,5663977670,01736 Basil Alley
Passport,72271,Zedekiah Treuge,4752260588,9525 Weeping Birch Way
ID,69335,Derry Georgeon,2424506594,936 Corscot Hill
License,42770,Tommie Gilhouley,7336640509,756 Memorial Park
License,67733,Traci McShane,8841172917,338 Emmet Circle
License,80280,Rudie Allwright,1858521858,45658 Manitowish Street
Passport,87903,Ariela Posen,3427927689,568 Elmside Drive
ID,76088,Allina Tupp,7151570265,82 Del Mar Park
Passport,41528,Nickolaus Bruffell,5485088286,0 Portage Lane
License,66399,Simone Bartusek,7595797412,5 Scofield Junction
ID,43526,Gwynne Piatkowski,7688333420,72 Prairieview Court
Passport,40574,Tabina Lumpkin,6809339797,36004 Cordelia Avenue
ID,65738,Edythe Copelli,9575415757,9886 Walton Street
ID,31168,Crista Nolli,5711791507,282 Ridge Oak Plaza
Passport,70279,Michelina Wearden,9929784532,7121 Darwin Way
Passport,16672,Theressa Aers,5174872173,746 Crescent Oaks Parkway
ID,96240,Billie Simoncelli,5949747505,20 Monument Plaza
ID,59843,Neill Shorte,9469468602,691 Bluestem Center
Passport,26191,Cthrine Ansteys,5697171603,3 Clove Trail
License,23012,Madelene Kynan,4796928106,064 Crownhardt Junction
License,13134,Harland Werner,8899360524,5 Corscot Terrace
ID,61859,Jennie Harrigan,8142585097,527 Fairview Lane
Passport,48231,Stevena Robers,8798938348,52553 Red Cloud Parkway
Passport,95402,Tamarah Rymmer,7113310374,8077 Lighthouse Bay Lane
Passport,44208,Annis Fritchley,9748789365,02 Redwing Circle
ID,58053,Bobby Hoyles,4492224398,8444 Londonderry Lane
License,34680,Jeremie Rounsivall,3531457404,5815 Donald Plaza
ID,48082,Judon Firman,8135755853,7 Hallows Terrace
ID,49820,Kessia Sall,9361862098,5 Waywood Road
License,98368,Rosaleen Ash,5282752866,0 Acker Junction
ID,16461,Shaughn Hovenden,4761288215,09487 Old Gate Drive
ID,78567,Cesar Melledy,8725492629,45 2nd Street
License,51172,Cathi Gurr,4372265422,803 Thackeray Point
Passport,63121,Jory Stacey,9493784531,3488 Oakridge Pass
License,30510,Grete Preece,5642381473,78 Bartillon Alley
Passport,99658,Arne Blampey,3023133610,0 Clarendon Place
ID,76056,Lilian Carvill,1115992946,69 Tony Court
ID,75380,Wildon Kelshaw,4409111504,3 Buell Junction
License,30070,Zahara Lyttle,1847568351,50331 Scoville Parkway
ID,57778,Colan Hallin,1413089664,33197 Grim Way
License,83407,Elbert Butcher,9434486013,173 Sutherland Park
ID,43184,Kellen de Voiels,7097750949,0907 Spaight Trail
Passport,97442,Brianne Cunde,9456403149,1 Warbler Center
Passport,50691,Any Daintrey,9769124750,218 Fisk Crossing
Passport,40529,Gabe Comben,6455703887,15784 Canary Park
License,97853,Pren Berlin,3297789841,6 Eliot Way
License,32624,Whitman Gorriessen,6491117112,9979 Dennis Plaza
Passport,94423,Lizzie McElree,3115661074,1326 Vernon Terrace
ID,41927,Benjie Benn,1046797265,11 Mcbride Street
ID,68664,Adolf Spilsburie,8511301068,95 Lotheville Drive
Passport,78214,Dosi Petrelluzzi,3791128627,69 Hansons Hill
Passport,90910,Pollyanna Sheather,5053526294,9 7th Plaza
Passport,27964,Janek Frushard,7829496347,4 Huxley Junction
Passport,39725,Malina Rous,3104896846,40 Carpenter Street
License,98542,Arnold Roset,8436227715,097 Goodland Lane
License,32088,Winifred Connelly,2737492795,32046 Mockingbird Terrace
ID,40722,Jone Mandel,5487441651,825 Evergreen Way
Passport,95924,Nicoline Grayson,7967254349,77983 Sherman Center
Passport,75974,Ash Lea,5312885943,35 Independence Junction
License,25691,Erek McEvay,8302789463,7489 Upham Trail
Passport,26762,Stephanus Isgate,3862268755,993 Hoepker Court
ID,55228,Briney Deetlefs,4115467164,48 Melrose Point
Passport,84515,Emlynn Colmore,8185301412,19529 La Follette Lane
ID,44737,Boigie Sollowaye,3244433299,2886 Wayridge Center
ID,47141,Terrill Holah,9027508396,67 Sommers Court
Passport,23801,Beckie Mityukov,4327284219,16 Grover Drive
ID,91728,Renard Abrashkin,9995692964,3854 Sunnyside Plaza
Passport,68141,Stirling Kosiada,2175381873,42 Graedel Hill
ID,98395,Wait Grayson,4134729476,27444 Glacier Hill Parkway
License,54002,Jacques Berggren,3906261225,87072 Golf Crossing
License,91947,Durante Kerin,3941436821,732 Oakridge Center
License,28794,Norman Deackes,2105693847,82256 Browning Park
Passport,43915,Harlin Rzehorz,9101850690,2997 Burrows Hill
Passport,74174,Lorelle Ballendine,2721849572,408 Homewood Pass
ID,18754,Herb Packman,1124819751,65 Arapahoe Point
License,87007,Daisey Eunson,4608535697,798 Old Shore Junction
Passport,43760,Cyrus Torrejon,9638188494,259 Morning Pass
ID,81624,Kingston Kinleyside,2544006524,5 Fuller Trail
Passport,46766,Albina Oxer,3146411876,9077 Hoffman Hill
License,79874,Margareta Clementet,6835572226,351 Briar Crest Road
Passport,21109,Enrica Ewer,9517260696,9 Mcguire Center
ID,28006,Joanne Fetter,2253519510,1 Derek Alley
License,62716,Margalo Cayley,4136636442,721 Sugar Lane
License,92449,Dionisio Dugdale,8274709360,8 Bonner Parkway
License,27993,Willie Tiffany,4368463299,2915 Havey Street
License,71624,Gwen Gallard,4651597575,567 Northview Hill
ID,21972,Florri Laxe,5043956845,59967 Havey Center
ID,18281,Anissa Wanek,8246519625,89586 Barnett Pass
ID,68709,Joellyn Titchmarsh,3539066096,00 Northwestern Plaza
Passport,82652,Michele Gockelen,5233265023,65334 Cascade Alley
License,71587,Bertina McConnal,4984965612,1 Continental Crossing
Passport,85787,Caritta Labon,7608055383,13 Fair Oaks Park
ID,18972,Cristen Vegas,3303272561,1228 Namekagon Hill
Passport,75974,Ben Callacher,3459748731,20 Katie Junction
ID,94667,Keen Jain,7184488979,439 Brown Plaza
Passport,24326,Valerye Mancktelow,7745973017,98526 Ohio Hill
Passport,21636,Jean Hallstone,5581329756,87 Rutledge Alley
ID,60428,Amy Bendon,6187328195,5 Carioca Trail
Passport,52962,Kali Cisec,4395576152,726 Bunker Hill Parkway
License,55751,Muire Apfelmann,6274367777,3333 Jay Plaza
ID,23299,Codie Meakes,4043063595,0 Coleman Road
License,75265,Winfred Aherne,9465570466,45 American Ash Terrace
License,17496,Roxie Macrow,8814719957,3 Hoepker Crossing
ID,10195,Willie Jerromes,9504598944,07165 Clemons Center
Passport,45966,Megen Delamar,4466457873,86007 Northport Terrace
License,36531,Matthiew Menlove,1563720799,158 Talisman Parkway
ID,34076,Gerrie Rontree,5631388663,94506 Sugar Park
ID,80804,Ray Ilson,6271509538,380 Arkansas Crossing
Passport,10844,Jolie Stivens,7834221305,5673 Lukken Way
License,86737,Mariquilla Penchen,3649860006,35 Armistice Road
License,25517,Min Verny,3904393414,0 Dennis Terrace
ID,68790,Bennett Ford,6519452191,286 Eastlawn Road
ID,36456,Courtney Godber,7237241156,35 Meadow Vale Circle
Passport,97005,Amery Bromley,9228181441,9 Fulton Alley
ID,78027,Desmond Blowen,7718511446,5 Dahle Circle
License,47721,Carolyn Nicely,3346141759,73470 Fulton Plaza
License,12873,Irwin O'Corr,2375580995,4130 Blaine Park
License,10233,Walden Pringell,9822088518,6777 Bay Terrace
Passport,81795,Susana Raynard,4629932229,99 Loftsgordon Way
ID,92689,Jilli Orring,1713138909,24 Dorton Trail
Passport,90868,Alaric Vigus,1254406674,2356 Larry Park
ID,30193,Grazia Praten,5261886468,806 Kropf Pass
Passport,10119,Lilith Newcomen,3731113613,95 Oriole Street
License,74239,Langston Koppes,6142178265,54450 Schmedeman Street
ID,40913,Cinda Hedderly,1743116498,9 Spaight Crossing
ID,83942,Lian Gillfillan,3069179921,226 Buhler Pass
License,26765,Venita Neary,5831333798,8804 Straubel Point
ID,97389,Sophronia Butteris,5773726098,66 Clove Alley
ID,86894,Alfonso Shoulder,9887044031,36 Ridge Oak Place
License,95256,Rufus Ohms,3555306200,84601 Pennsylvania Street
License,14853,Yolanthe Follitt,7203619974,84954 Cottonwood Crossing
Passport,51487,Rosanne Birckmann,5598901179,82087 Haas Junction
Passport,75521,Jolee Barter,9653135823,8759 Aberg Street
Passport,74341,Emelina Mayne,4775798643,62 Kedzie Road
Passport,64850,Marianna Howsan,3822123873,667 Hintze Point
ID,74668,Tracie Lilly,8942260951,55 Red Cloud Point
ID,16072,Sholom Murrum,3413715211,26 Forest Dale Avenue
License,45050,Laverna Millican,5127714564,255 Village Drive
Passport,57069,Olympe Muggleston,8033953453,80 Warner Alley
License,63795,Ursuline Dallosso,7397960077,69 Banding Avenue
ID,54427,Devlin Osband,1668605088,380 Fairview Hill
License,48523,Sid Vodden,1158069099,6 Michigan Street
License,57290,Darius Earsman,7866777605,25522 Gulseth Pass
License,26212,Heda Northfield,2608531694,196 Northview Street
Passport,65472,Shayne Greschke,7836664781,70305 Saint Paul Circle
ID,68711,Kellina Mattheissen,5508594049,5355 Spenser Court
License,69059,Daffy Broggelli,4462348227,993 Hollow Ridge Lane
ID,29762,Jermayne Tackett,7671886391,443 Westridge Hill
ID,48534,Vivienne Walbridge,2098102925,871 Paget Park
Passport,87861,Marlo Roggeman,5113817120,1 Jenifer Alley
Passport,17649,Tanner Atcherley,6697284642,7705 Gateway Way
ID,81918,Sylvia Misselbrook,5978621202,63 Eastlawn Place
Passport,52814,Spike Mayer,3778705686,696 Granby Terrace
Passport,55778,Netti Noni,8386382818,5 Victoria Street
License,82138,Lin Tethacot,9467398594,31334 Eagle Crest Place
Passport,71934,Ashien Curnok,2082875767,5 Orin Lane
License,22553,Morena MacLaren,7932223655,5650 Westerfield Point
ID,81397,Faber Oxton,9739032633,27 Sachs Hill
ID,17590,Pearl Dufton,1614252268,97465 Dennis Terrace
Passport,54789,Randall Mabbs,5828138784,4498 Village Green Way
License,64604,Vanna Studde,9576398013,6 Dixon Drive
License,97970,Katinka Queyos,2171121608,952 Center Parkway
License,22208,Joli Tows,1009866404,45723 Surrey Crossing
Passport,92804,Blondy Gramer,6558686536,7527 Evergreen Hill
ID,41542,Juli Weedall,1358045212,9 Homewood Parkway
Passport,99493,Grenville Hallett,6803241522,43414 Novick Lane
Passport,51085,Linoel Pavlitschek,5852420671,0042 Emmet Way
License,20921,Isabeau Simenel,4156354682,75160 Hovde Place
ID,48278,Dita Foker,8219479443,5547 Sachtjen Way
Passport,96842,Beverlee Childrens,4822244439,00903 Lotheville Parkway
License,87570,Jeniffer Allsworth,3948670397,00 Sachs Junction
ID,52896,Carla Steptow,2565122795,8 Erie Street
Passport,39429,Mortie Loadwick,9593794465,191 Lake View Lane
License,80594,Dennet Dedman,5356142925,4 Basil Terrace
Passport,50338,Barry Kelshaw,8472815486,09 Arrowood Hill
License,98538,Alia Vasiltsov,2091748671,2770 Moose Place
Passport,78512,Ellie Carme,8253623159,9 Northridge Trail
ID,25311,Emmalynne Stud,2139802720,142 Sugar Hill
License,35605,Cinda Cottrell,6009828573,58 Washington Drive
ID,81128,Bertrando Muslim,9075628950,644 Becker Pass
ID,47600,Francis Coke,8609348949,8592 Hauk Crossing
License,29780,Dalli Keefe,4051095632,45543 Onsgard Park
ID,11761,Elli Scoggan,2838287734,9 Dayton Lane
Passport,88780,Lexine Jurisic,3101044950,9962 Luster Road
ID,60075,Brenn Le Teve,5705306333,862 Lakewood Gardens Alley
Passport,48240,Leonora Erett,8653075875,223 Westerfield Junction
Passport,39688,Florri Woolcocks,1185124290,3250 Iowa Place
ID,87818,Laurie Oller,9977906127,386 Hovde Park
License,49502,Colver Lamborn,9045037988,6388 Northland Terrace
ID,44744,Tiphani Luckie,4896980738,60969 Chinook Alley
ID,70928,Putnem Axe,2378098770,383 Huxley Park
License,47233,Dallis Ballston,9457734565,59455 Buell Way
ID,14426,Tanitansy Dragon,1121745886,3 Hoffman Center
Passport,61543,Nan Rutley,4083188114,46 Westridge Alley
ID,59156,Drugi Clarkson,7211807035,1 Melby Crossing
Passport,86150,Kimbell Lubeck,3981173479,15 Rusk Trail
Passport,40408,Allister Aspinell,2711054059,50242 Harper Center
License,99069,Leontine Landrieu,4191463128,685 Boyd Park
Passport,56091,Carry Zumbusch,5143420654,7 Arapahoe Way
ID,15928,Tess Burgiss,8158698632,55 Northview Way
License,70334,Lenci Aronstein,3609800127,1737 Algoma Center
License,93250,Peria Scotts,2416100120,66625 American Ash Center
ID,62778,Margery Morfell,9821117643,1 Lakewood Gardens Parkway
Passport,99690,Magdalen Fleay,4351422316,90501 Starling Junction
Passport,17645,Martynne Beathem,9477469831,016 Portage Street
Passport,95908,Ingrid Gluyas,1698713846,24 Farmco Way
ID,49293,Osborn Jirak,4309372058,2 Eagan Place
ID,24561,Findley Popham,7085582022,1575 Lotheville Terrace
License,99333,Jacqui Edgar,9329657323,8 Bowman Plaza
License,10335,Hugues Acome,6388105637,38 Mendota Junction
License,68406,Gale Killby,4732451746,70293 Weeping Birch Street
License,57980,Cliff Templeton,7586295673,2579 Lakewood Parkway
ID,49850,Halette Toffanelli,5941846252,9309 Hallows Drive
Passport,81008,Kristan Gooddy,2094892282,41 Independence Drive
Passport,81527,Garrik Dowker,1163084067,017 Waywood Lane
Passport,19698,Griffie Rottger,2311978247,556 Old Gate Court
License,18005,Barbee Buzine,9937516653,6 Quincy Hill
Passport,51120,Sallie Gainsford,9971878044,6 Reinke Road
ID,74851,Beale Hawkswell,9851114318,452 Dawn Way
ID,30816,Philomena Dytham,2527118972,86 Westport Center
ID,67457,Adelaida Dignall,8814877465,7002 Glacier Hill Drive
ID,94269,Tobi Brassill,5839664075,4 Stang Junction
ID,16814,Javier Helian,4205708118,82891 Harper Crossing
Passport,15909,Ron Sprionghall,4894389793,99092 Shoshone Court
Passport,38358,Weston Colbert,6419338262,2712 Lake View Street
ID,77065,Marjie Risbridger,2893026311,052 Melody Way
Passport,97388,Eda Whitehorne,9132032832,461 Arkansas Parkway
License,21381,Gilbertine Hartshorn,6473348144,12 Pearson Plaza
ID,54578,Lib Paute,6506526791,5 Milwaukee Drive
Passport,95942,Kesley Hargrove,8342248409,02 Starling Avenue
License,81659,Antony Dronsfield,7854190064,791 Springview Pass
License,40374,Jamil Fettes,7975271045,919 Shopko Way
ID,59868,Ronny Hatz,7093902727,467 Old Gate Drive
Passport,74770,Chan Tesmond,6851970639,39855 Hollow Ridge Way
ID,78479,Arlene Paumier,7936749811,56 Springs Avenue
ID,83330,Desirae Cosser,7509736347,68 Gulseth Circle
License,25380,Maryrose Crehan,7862583214,39830 Kensington Center
ID,39653,Sylas Hounsham,1653459768,0 Welch Park
License,77598,Danyette Wegman,8005217879,2 Norway Maple Way
License,14724,Melodee Comiam,6494308482,2286 Lindbergh Alley
License,25964,Urban Peeters,1794582580,7 Oakridge Way
ID,74840,Marybelle Klaus,7295337386,44627 Waubesa Lane
ID,34418,Myrvyn Tabord,6908991217,7140 Donald Way
ID,33821,Tildie Aymer,3787021702,6770 Michigan Terrace
License,93822,Artemis Gherarducci,3701867848,20529 Mosinee Way
ID,15953,Missie Dyne,2869793459,14016 Monument Junction
ID,20082,Flem Theakston,7886799924,0893 Mccormick Terrace
Passport,76386,Hieronymus Rignoldes,1331424775,2 Saint Paul Road
Passport,96831,Sheelagh Openshaw,8091919586,96136 Burning Wood Trail
License,97752,Etan Fadell,6917516560,28306 Lyons Place
License,32448,Wade Awcoate,2314413018,3717 Ronald Regan Court
Passport,22000,Mahmud Geraudy,8874409253,8593 Tennyson Lane
Passport,40489,Malissia Darby,5317296420,61 Hansons Crossing
Passport,93829,Gayel Rosita,6744894860,36304 Twin Pines Point
Passport,88617,Adham Cruess,4627042389,0164 Esch Crossing
ID,96448,Ki Ridder,5945398134,5148 Hauk Alley
ID,18590,Rori Hamprecht,7146928005,30 Morrow Terrace
Passport,11372,Marybeth Tebbett,2619068169,86 Norway Maple Park
License,56933,Diana Quinsee,1194228745,3432 School Trail
ID,11389,Laureen Downgate,1956325960,946 Morning Plaza
ID,19127,Euphemia Dummer,8874052017,79 Starling Parkway
License,15026,Dorie Chopy,4813896996,0689 Banding Drive
License,63835,Ruttger Lighton,6158992516,71192 Hoard Street
ID,79027,Loleta Glasman,3923185433,304 International Plaza
Passport,72345,Galvan Gravestone,2544581079,93 Welch Center
License,18030,Eleanore Najara,4494089824,158 Magdeline Crossing
License,98501,Willa Fidgeon,6725052182,001 Gerald Pass
Passport,44428,Aurelia Trorey,9015784734,0 Reindahl Parkway
Passport,11251,Ronna Knapper,7502909297,37051 Coleman Place
License,81702,Erena Oloshkin,8912687386,61 Aberg Court
Passport,41841,Myrtie Bodycote,5116728692,8 Cottonwood Trail
License,36041,Vinnie Hendrick,7941429490,33074 Acker Plaza
