code,product,desc,price
6526,Enhanced,ipsum primis in faucibus orci luctus et,7.52
9773,client-driven,turpis integer aliquet massa id lobortis convallis,71.74
4908,project,sagittis nam congue risus semper porta,8.7
2163,Optimized,lorem ipsum dolor sit amet consectetuer,9.65
1714,policy,erat nulla tempus vivamus in felis,82.22
1077,Ameliorated,ut at dolor quis odio consequat varius integer ac leo,67.6
1204,zero tolerance,venenatis lacinia aenean sit amet justo morbi ut odio,11.05
5351,function,cursus urna ut tellus nulla ut erat id mauris vulputate,95.48
1539,global,dapibus duis at velit eu est congue elementum in,49.12
8773,regional,mauris laoreet ut rhoncus aliquet pulvinar sed,81.65
3582,local area network,adipiscing molestie hendrerit at vulputate vitae nisl aenean lectus pellentesque,36.84
2178,zero tolerance,volutpat eleifend donec ut dolor,80.51
7453,encompassing,nunc purus phasellus in felis donec semper sapien,34.97
2466,Expanded,cras mi pede malesuada in imperdiet et commodo vulputate justo,90.44
2554,orchestration,semper interdum mauris ullamcorper purus,1.9
7692,Progressive,dictumst maecenas ut massa quis augue luctus tincidunt nulla,35.4
1236,homogeneous,faucibus orci luctus et ultrices,54.51
6885,national,ante ipsum primis in faucibus orci luctus et,85.07
1435,directional,sit amet eros suspendisse accumsan tortor,80.78
271,Focused,nam congue risus semper porta volutpat quam pede lobortis,46.5
6102,hybrid,eget eleifend luctus ultricies eu nibh,64.99
717,application,id lobortis convallis tortor risus dapibus augue vel,76.21
2119,Ergonomic,non quam nec dui luctus rutrum nulla,3.64
3382,non-volatile,nulla ut erat id mauris vulputate elementum nullam varius,90.74
5164,support,at ipsum ac tellus semper,50.02
9052,standardization,cubilia curae nulla dapibus dolor vel est donec odio justo,35.74
9971,focus group,lorem vitae mattis nibh ligula nec sem duis,23.13
894,productivity,lectus suspendisse potenti in eleifend quam a odio in hac,31.1
3986,secured line,sollicitudin vitae consectetuer eget rutrum at lorem integer tincidunt ante,41.63
2468,Proactive,erat id mauris vulputate elementum nullam varius,43.31
1007,full-range,sed lacus morbi sem mauris laoreet ut rhoncus aliquet,93.26
2819,fault-tolerant,tincidunt ante vel ipsum praesent blandit lacinia erat,78.75
3152,bi-directional,dictumst morbi vestibulum velit id pretium iaculis diam erat,21.67
1718,Progressive,nunc commodo placerat praesent blandit,55.57
2816,Robust,ligula suspendisse ornare consequat lectus in est risus auctor sed,4.57
190,Mandatory,aliquam erat volutpat in congue etiam justo,51.59
7246,foreground,vestibulum eget vulputate ut ultrices vel augue vestibulum ante ipsum,51.04
3677,mobile,sapien cursus vestibulum proin eu mi nulla ac,64.74
1262,Programmable,venenatis turpis enim blandit mi in porttitor pede justo,28.25
6048,user-facing,eleifend donec ut dolor morbi vel,86.43
3378,Grass-roots,amet sapien dignissim vestibulum vestibulum,55.51
5126,model,odio condimentum id luctus nec molestie sed,6.49
6038,Object-based,id nisl venenatis lacinia aenean sit amet justo,47.84
818,productivity,donec odio justo sollicitudin ut suscipit a feugiat,89.67
6447,database,nulla tellus in sagittis dui vel,67.14
2714,User-centric,at dolor quis odio consequat varius integer ac leo,55.88
1595,Networked,sapien a libero nam dui proin leo,32.22
5158,Ameliorated,nullam orci pede venenatis non sodales sed tincidunt eu felis,87.68
1480,moderator,sit amet nulla quisque arcu libero rutrum,46.22
1607,full-range,mauris morbi non lectus aliquam,36.62
1247,application,lobortis vel dapibus at diam nam tristique tortor eu pede,22.97
62,discrete,vel pede morbi porttitor lorem id,48.0
361,methodical,dui vel sem sed sagittis nam congue risus semper porta,68.4
9185,De-engineered,pellentesque ultrices phasellus id sapien in sapien iaculis congue,73.34
5759,architecture,maecenas ut massa quis augue,44.98
5999,5th generation,ligula suspendisse ornare consequat lectus in est risus auctor sed,91.19
1372,Distributed,morbi a ipsum integer a nibh in,90.55
616,Synchronised,justo lacinia eget tincidunt eget tempus vel pede morbi,31.37
9443,hierarchy,ipsum primis in faucibus orci luctus et ultrices posuere cubilia,52.51
9951,Inverse,lorem ipsum dolor sit amet consectetuer adipiscing elit proin risus,42.36
3782,Sharable,sem praesent id massa id nisl venenatis lacinia aenean,27.4
4060,Customer-focused,eu magna vulputate luctus cum sociis,86.4
8726,archive,ut blandit non interdum in ante vestibulum ante ipsum,39.55
9675,Networked,suspendisse potenti nullam porttitor lacus at turpis donec posuere,55.52
9685,responsive,dui nec nisi volutpat eleifend donec ut dolor morbi vel,48.54
7927,strategy,ut blandit non interdum in ante vestibulum ante ipsum,71.67
6870,Profit-focused,sapien cum sociis natoque penatibus,76.12
1574,impactful,viverra diam vitae quam suspendisse potenti nullam porttitor lacus at,17.07
2642,logistical,risus dapibus augue vel accumsan tellus nisi eu,34.27
9507,User-friendly,iaculis justo in hac habitasse platea dictumst,48.45
7712,Compatible,a pede posuere nonummy integer non,48.04
320,secured line,aenean fermentum donec ut mauris eget massa tempor convallis,82.09
3059,holistic,convallis nulla neque libero convallis eget eleifend luctus ultricies,74.65
3479,Realigned,dis parturient montes nascetur ridiculus mus,14.02
1828,open architecture,posuere cubilia curae nulla dapibus dolor vel est donec odio,11.02
3347,bandwidth-monitored,habitasse platea dictumst etiam faucibus cursus,94.93
1856,national,ante nulla justo aliquam quis turpis eget elit sodales scelerisque,86.7
4921,collaboration,dolor morbi vel lectus in quam fringilla,80.89
5833,Triple-buffered,vel ipsum praesent blandit lacinia erat vestibulum sed magna at,91.12
9122,artificial intelligence,amet eros suspendisse accumsan tortor quis turpis,63.25
4339,orchestration,lorem quisque ut erat curabitur gravida nisi at nibh in,24.17
8613,Graphical User Interface,non mattis pulvinar nulla pede ullamcorper,22.66
8465,upward-trending,iaculis diam erat fermentum justo nec condimentum neque sapien,84.68
9418,software,nisl nunc nisl duis bibendum felis sed interdum,39.19
8214,Phased,scelerisque quam turpis adipiscing lorem,76.13
7260,Synergized,velit donec diam neque vestibulum eget vulputate ut ultrices vel,60.88
9478,systemic,amet consectetuer adipiscing elit proin interdum mauris non ligula,77.28
8259,context-sensitive,nunc proin at turpis a pede posuere nonummy integer non,44.61
7100,Total,molestie hendrerit at vulputate vitae nisl aenean lectus pellentesque eget,60.92
5244,Streamlined,non mi integer ac neque duis bibendum morbi,84.91
5951,matrices,suspendisse accumsan tortor quis turpis sed ante vivamus tortor duis,24.79
8192,Managed,dis parturient montes nascetur ridiculus mus vivamus vestibulum sagittis,6.09
6253,Customer-focused,magna at nunc commodo placerat praesent blandit nam nulla,60.62
8528,info-mediaries,curabitur at ipsum ac tellus,5.86
6128,directional,turpis sed ante vivamus tortor duis mattis,12.65
6328,Open-architected,odio condimentum id luctus nec molestie sed justo pellentesque viverra,80.19
8871,User-centric,pede ac diam cras pellentesque volutpat dui maecenas tristique est,9.81
8327,exuding,diam vitae quam suspendisse potenti nullam porttitor lacus,57.47
6203,Multi-tiered,diam neque vestibulum eget vulputate ut ultrices vel augue,97.46
6195,Organized,eleifend luctus ultricies eu nibh quisque id justo sit,97.6
6437,Virtual,dui luctus rutrum nulla tellus in sagittis dui vel nisl,5.39
366,methodical,cursus id turpis integer aliquet massa,36.83
5947,Synergistic,auctor gravida sem praesent id massa id nisl venenatis,77.43
5823,Team-oriented,vulputate justo in blandit ultrices enim lorem ipsum dolor sit,70.02
3264,Stand-alone,non sodales sed tincidunt eu felis fusce posuere,26.26
3953,heuristic,enim sit amet nunc viverra dapibus nulla suscipit,86.48
1248,object-oriented,eget orci vehicula condimentum curabitur in libero ut massa,59.33
2349,strategy,tellus nulla ut erat id mauris,22.52
1039,Automated,vel lectus in quam fringilla rhoncus,84.9
9614,Optimized,sapien sapien non mi integer ac neque,5.59
202,structure,lacinia sapien quis libero nullam sit amet turpis,18.49
8074,asynchronous,faucibus orci luctus et ultrices,25.08
9934,utilisation,magna bibendum imperdiet nullam orci pede,80.97
74,6th generation,est congue elementum in hac habitasse platea dictumst morbi,54.71
8001,discrete,mattis nibh ligula nec sem duis aliquam convallis nunc,33.5
5597,data-warehouse,interdum eu tincidunt in leo maecenas,4.0
700,benchmark,donec posuere metus vitae ipsum,8.9
4634,complexity,ipsum primis in faucibus orci,69.21
421,non-volatile,sit amet lobortis sapien sapien non mi,49.46
2370,Pre-emptive,velit vivamus vel nulla eget eros elementum,61.38
9346,migration,at ipsum ac tellus semper interdum mauris,6.23
7338,De-engineered,arcu adipiscing molestie hendrerit at vulputate,38.77
4111,installation,fermentum justo nec condimentum neque sapien placerat,52.61
6770,transitional,velit eu est congue elementum in hac habitasse platea dictumst,1.92
9698,array,in blandit ultrices enim lorem ipsum,7.38
1196,Object-based,odio cras mi pede malesuada,48.6
5840,bifurcated,lectus pellentesque at nulla suspendisse potenti cras in,58.96
4934,pricing structure,vivamus vestibulum sagittis sapien cum sociis natoque penatibus et,56.14
6966,real-time,amet sem fusce consequat nulla nisl nunc,64.77
1109,Open-source,faucibus orci luctus et ultrices,68.07
4427,archive,convallis nunc proin at turpis a,33.16
8324,Customizable,aenean lectus pellentesque eget nunc,42.32
6804,regional,in eleifend quam a odio,14.47
2623,info-mediaries,blandit nam nulla integer pede justo,98.26
7205,superstructure,consequat dui nec nisi volutpat eleifend donec ut dolor morbi,36.59
7116,multi-state,odio in hac habitasse platea dictumst maecenas,19.55
480,Organized,in faucibus orci luctus et ultrices posuere cubilia,60.17
2631,neutral,eget vulputate ut ultrices vel augue vestibulum ante ipsum,93.38
5502,uniform,suscipit nulla elit ac nulla sed vel enim sit,36.6
5520,Open-architected,donec vitae nisi nam ultrices libero non mattis pulvinar,62.24
7382,explicit,adipiscing lorem vitae mattis nibh ligula nec sem duis,51.4
4531,Multi-lateral,suscipit ligula in lacus curabitur at,77.38
6537,intranet,in tempor turpis nec euismod scelerisque quam turpis adipiscing,92.74
5129,foreground,turpis eget elit sodales scelerisque mauris sit amet,53.91
6849,background,vestibulum ac est lacinia nisi venenatis tristique fusce,40.84
5937,Focused,viverra dapibus nulla suscipit ligula,7.44
505,Graphical User Interface,vitae consectetuer eget rutrum at,6.72
1967,forecast,aliquet pulvinar sed nisl nunc rhoncus,10.24
4191,Programmable,lobortis est phasellus sit amet erat nulla tempus vivamus in,77.81
4250,internet solution,augue vel accumsan tellus nisi eu orci mauris lacinia sapien,88.34
5368,ability,in sapien iaculis congue vivamus metus arcu adipiscing molestie,4.59
9930,internet solution,suspendisse accumsan tortor quis turpis sed ante vivamus tortor duis,70.47
3681,encryption,eleifend luctus ultricies eu nibh quisque id,75.91
7863,Versatile,venenatis tristique fusce congue diam id ornare,41.26
958,Switchable,at velit vivamus vel nulla eget eros elementum pellentesque quisque,71.91
5145,Vision-oriented,nullam molestie nibh in lectus,82.38
2029,projection,in leo maecenas pulvinar lobortis est,13.31
7383,optimal,mi nulla ac enim in tempor turpis,38.17
5057,Graphical User Interface,vestibulum ante ipsum primis in faucibus orci luctus,16.49
7854,Synergized,ipsum ac tellus semper interdum mauris ullamcorper purus,94.2
9453,adapter,iaculis congue vivamus metus arcu adipiscing molestie hendrerit at vulputate,44.58
7072,Expanded,dapibus dolor vel est donec odio,79.79
7109,client-server,est phasellus sit amet erat nulla tempus vivamus in felis,53.02
772,Balanced,molestie lorem quisque ut erat curabitur gravida nisi,53.93
6868,Streamlined,integer tincidunt ante vel ipsum praesent,28.2
65,encoding,pulvinar nulla pede ullamcorper augue a,97.14
471,solution-oriented,ligula sit amet eleifend pede libero quis orci nullam molestie,8.63
7465,standardization,integer ac leo pellentesque ultrices mattis,83.37
558,customer loyalty,ante ipsum primis in faucibus orci luctus et ultrices,55.6
2157,success,nulla quisque arcu libero rutrum ac,44.64
104,holistic,eget orci vehicula condimentum curabitur in libero ut,84.36
6295,Cloned,nulla nunc purus phasellus in felis donec semper,48.06
5327,systemic,quam suspendisse potenti nullam porttitor lacus at turpis donec posuere,64.69
5221,disintermediate,curae donec pharetra magna vestibulum aliquet ultrices,88.69
2901,frame,eu felis fusce posuere felis sed lacus,90.22
2735,Reverse-engineered,mauris viverra diam vitae quam suspendisse,22.31
148,next generation,massa id nisl venenatis lacinia aenean sit amet justo morbi,63.57
5612,upward-trending,et magnis dis parturient montes nascetur ridiculus mus vivamus,17.8
1126,Diverse,in felis donec semper sapien a libero,94.4
5955,Seamless,cursus id turpis integer aliquet massa id lobortis convallis tortor,5.63
764,Distributed,donec dapibus duis at velit eu est congue,56.81
9881,infrastructure,gravida sem praesent id massa id,96.61
8215,framework,blandit ultrices enim lorem ipsum dolor,66.08
5040,Horizontal,orci nullam molestie nibh in lectus pellentesque at nulla suspendisse,62.54
7978,Decentralized,eget semper rutrum nulla nunc purus phasellus in felis donec,24.31
5499,leading edge,amet nulla quisque arcu libero rutrum ac lobortis vel,4.61
2651,product,nunc donec quis orci eget orci vehicula condimentum,72.14
7699,user-facing,morbi non quam nec dui,18.19
6523,value-added,sit amet eleifend pede libero quis,86.74
134,Reduced,faucibus orci luctus et ultrices posuere cubilia curae mauris,20.15
681,time-frame,enim blandit mi in porttitor pede justo eu massa donec,52.11
5919,User-centric,pede ullamcorper augue a suscipit nulla,97.92
2790,demand-driven,eget elit sodales scelerisque mauris sit,91.35
5501,heuristic,in lacus curabitur at ipsum ac tellus semper interdum mauris,94.56
4166,leverage,rutrum neque aenean auctor gravida sem praesent,62.87
1888,local,a ipsum integer a nibh,86.39
8816,reciprocal,eget eleifend luctus ultricies eu nibh,66.39
6013,national,est congue elementum in hac habitasse,24.56
3549,global,consectetuer eget rutrum at lorem integer tincidunt ante,8.15
1383,structure,aliquam erat volutpat in congue etiam justo etiam pretium,88.85
5322,24/7,id justo sit amet sapien dignissim,5.05
6665,explicit,amet nunc viverra dapibus nulla suscipit ligula,84.06
5759,impactful,curae donec pharetra magna vestibulum,22.84
3471,incremental,est donec odio justo sollicitudin ut suscipit a feugiat,46.91
2717,Balanced,quis lectus suspendisse potenti in,48.56
4000,Stand-alone,lorem ipsum dolor sit amet consectetuer adipiscing elit proin,36.68
8707,Automated,enim in tempor turpis nec euismod,87.83
202,Multi-lateral,quisque porta volutpat erat quisque erat eros viverra,13.72
8689,orchestration,lobortis est phasellus sit amet erat nulla,12.53
8920,Triple-buffered,luctus et ultrices posuere cubilia curae donec pharetra magna,95.06
9626,task-force,id lobortis convallis tortor risus dapibus,53.29
4661,scalable,non mattis pulvinar nulla pede ullamcorper augue,64.82
4079,Self-enabling,dui vel sem sed sagittis,20.72
2166,systemic,quam pharetra magna ac consequat metus sapien,34.17
7745,artificial intelligence,platea dictumst maecenas ut massa,78.64
7379,conglomeration,potenti nullam porttitor lacus at turpis donec posuere,9.96
7707,Multi-lateral,mi nulla ac enim in,66.62
7284,strategy,blandit mi in porttitor pede,45.86
2070,Advanced,posuere felis sed lacus morbi sem,52.24
5034,Innovative,maecenas rhoncus aliquam lacus morbi quis tortor id,66.09
940,object-oriented,urna ut tellus nulla ut erat id mauris,87.59
8934,capacity,morbi non quam nec dui luctus rutrum nulla tellus in,53.78
2979,mobile,integer non velit donec diam neque,78.02
1131,Multi-layered,quam pharetra magna ac consequat metus sapien,67.04
2660,infrastructure,volutpat sapien arcu sed augue aliquam erat volutpat,62.88
8517,flexibility,eu nibh quisque id justo sit amet sapien dignissim,37.0
5190,intranet,pellentesque quisque porta volutpat erat quisque erat,98.35
3931,homogeneous,tincidunt eu felis fusce posuere,93.27
182,structure,diam erat fermentum justo nec condimentum,64.28
3770,methodology,faucibus accumsan odio curabitur convallis,29.96
7463,value-added,at vulputate vitae nisl aenean lectus pellentesque eget nunc donec,40.17
6118,array,amet erat nulla tempus vivamus in felis eu,94.2
2521,support,non sodales sed tincidunt eu felis fusce posuere felis,79.3
3674,hybrid,erat nulla tempus vivamus in felis eu sapien cursus vestibulum,51.35
9135,open architecture,maecenas ut massa quis augue luctus tincidunt nulla mollis,80.87
8773,utilisation,id ornare imperdiet sapien urna pretium nisl ut,61.72
5298,Universal,eget nunc donec quis orci eget orci vehicula condimentum curabitur,64.86
7658,system engine,luctus tincidunt nulla mollis molestie,83.99
9223,Enhanced,lorem id ligula suspendisse ornare,42.32
9728,client-driven,adipiscing elit proin risus praesent lectus vestibulum,4.63
957,algorithm,in hac habitasse platea dictumst aliquam,70.19
4708,User-friendly,pellentesque ultrices phasellus id sapien in sapien iaculis congue vivamus,51.23
6794,matrix,non mattis pulvinar nulla pede ullamcorper augue a suscipit nulla,5.57
5969,Pre-emptive,cum sociis natoque penatibus et magnis dis parturient montes,54.52
2647,Synergistic,sodales scelerisque mauris sit amet eros,26.54
742,5th generation,habitasse platea dictumst maecenas ut massa quis augue,77.09
7443,mission-critical,lacus purus aliquet at feugiat non pretium quis lectus,81.84
4452,bottom-line,consectetuer eget rutrum at lorem,74.36
9326,Persistent,id sapien in sapien iaculis congue,13.03
1425,bi-directional,ligula sit amet eleifend pede libero quis,25.78
4089,Profit-focused,lobortis convallis tortor risus dapibus augue vel accumsan tellus nisi,49.81
8631,Visionary,donec diam neque vestibulum eget vulputate,1.25
5547,middleware,magna vestibulum aliquet ultrices erat,44.0
7780,model,vehicula consequat morbi a ipsum integer a nibh in,53.17
1555,asymmetric,hendrerit at vulputate vitae nisl aenean lectus pellentesque,15.39
6188,collaboration,turpis donec posuere metus vitae ipsum aliquam,56.25
1617,even-keeled,vel augue vestibulum rutrum rutrum neque,6.55
5019,info-mediaries,adipiscing lorem vitae mattis nibh,63.14
7400,incremental,convallis nunc proin at turpis a,10.92
3015,User-centric,diam neque vestibulum eget vulputate ut ultrices vel,47.66
9215,directional,at velit vivamus vel nulla eget eros,53.88
9329,superstructure,ridiculus mus etiam vel augue vestibulum,28.83
4737,middleware,aliquet maecenas leo odio condimentum id luctus,59.68
4175,Robust,massa id nisl venenatis lacinia aenean sit amet,91.07
4385,systematic,in faucibus orci luctus et ultrices posuere,96.96
1343,adapter,velit nec nisi vulputate nonummy maecenas tincidunt lacus at,82.89
6987,Right-sized,dis parturient montes nascetur ridiculus,79.64
1924,knowledge user,in quis justo maecenas rhoncus aliquam lacus morbi quis,69.76
1095,Profound,at ipsum ac tellus semper,47.28
7842,functionalities,libero nullam sit amet turpis,15.78
6352,Multi-lateral,varius nulla facilisi cras non velit nec nisi vulputate,59.41
3672,success,et commodo vulputate justo in blandit ultrices enim lorem ipsum,25.81
7940,Intuitive,nulla tempus vivamus in felis,42.54
7472,Assimilated,quis turpis eget elit sodales,71.58
1583,radical,donec semper sapien a libero,63.28
839,access,sapien a libero nam dui proin,51.5
5969,Multi-tiered,lacus morbi quis tortor id nulla,21.0
9568,Expanded,odio in hac habitasse platea dictumst maecenas ut,70.58
3773,benchmark,pede morbi porttitor lorem id,77.45
9632,standardization,dolor sit amet consectetuer adipiscing elit,53.79
6843,Pre-emptive,curae mauris viverra diam vitae quam suspendisse,68.07
9382,algorithm,dui vel nisl duis ac nibh fusce lacus,65.85
3001,strategy,purus aliquet at feugiat non pretium quis,75.24
8542,architecture,nascetur ridiculus mus etiam vel augue vestibulum rutrum,4.38
9788,analyzer,consequat metus sapien ut nunc vestibulum ante ipsum primis,22.98
8747,web-enabled,lacinia erat vestibulum sed magna at nunc,10.67
899,bifurcated,mattis odio donec vitae nisi,28.1
2271,extranet,sed sagittis nam congue risus semper porta volutpat,60.77
1869,model,quam nec dui luctus rutrum nulla tellus in,29.6
6923,strategy,lectus pellentesque at nulla suspendisse,11.07
3467,framework,odio porttitor id consequat in consequat ut nulla sed,22.42
4250,Multi-tiered,orci mauris lacinia sapien quis libero nullam sit,24.27
9173,Stand-alone,nulla facilisi cras non velit nec nisi vulputate,5.56
585,firmware,hac habitasse platea dictumst aliquam augue quam sollicitudin,39.86
5676,algorithm,volutpat erat quisque erat eros viverra,10.87
3577,responsive,aliquet ultrices erat tortor sollicitudin mi sit,67.66
3291,Fully-configurable,in est risus auctor sed tristique in tempus sit,10.62
916,disintermediate,quis tortor id nulla ultrices aliquet maecenas leo,21.06
1509,Fundamental,nulla neque libero convallis eget,16.7
3364,Innovative,duis ac nibh fusce lacus purus,93.7
7935,Mandatory,sociis natoque penatibus et magnis dis parturient montes nascetur ridiculus,28.94
8828,synergy,luctus et ultrices posuere cubilia curae nulla dapibus dolor,56.0
6703,moratorium,dui maecenas tristique est et tempus semper est quam pharetra,68.23
2594,cohesive,augue luctus tincidunt nulla mollis molestie lorem quisque ut erat,75.33
8381,Polarised,lectus pellentesque eget nunc donec quis orci eget orci,51.35
4242,4th generation,in quis justo maecenas rhoncus aliquam lacus,26.11
3566,frame,tincidunt eget tempus vel pede,10.19
27,application,mauris vulputate elementum nullam varius nulla,49.25
6727,heuristic,iaculis justo in hac habitasse platea dictumst etiam faucibus cursus,88.87
9527,infrastructure,blandit ultrices enim lorem ipsum dolor sit,79.43
7846,stable,maecenas tristique est et tempus semper est quam,35.16
1961,Configurable,vestibulum sit amet cursus id turpis integer aliquet massa id,8.75
4626,protocol,diam in magna bibendum imperdiet nullam orci pede venenatis,6.74
1092,moratorium,non interdum in ante vestibulum ante ipsum primis in,89.81
188,Virtual,sapien placerat ante nulla justo,90.44
4379,coherent,posuere metus vitae ipsum aliquam non,79.21
5818,open architecture,nisl aenean lectus pellentesque eget nunc,28.1
5757,customer loyalty,elit sodales scelerisque mauris sit amet eros suspendisse,35.29
5884,website,in porttitor pede justo eu massa,74.23
3849,success,felis fusce posuere felis sed lacus morbi sem mauris,91.44
6224,access,fusce posuere felis sed lacus morbi,83.11
581,context-sensitive,at turpis a pede posuere nonummy integer non velit donec,76.67
3834,infrastructure,sed nisl nunc rhoncus dui vel sem sed sagittis nam,48.86
126,contingency,venenatis turpis enim blandit mi in porttitor pede justo eu,84.2
2699,client-server,at dolor quis odio consequat varius integer ac,79.79
984,methodical,in blandit ultrices enim lorem ipsum,33.56
237,challenge,posuere metus vitae ipsum aliquam non,53.73
2348,Operative,lectus suspendisse potenti in eleifend quam,39.69
1805,application,vestibulum sagittis sapien cum sociis natoque penatibus et magnis,65.75
4749,data-warehouse,sed justo pellentesque viverra pede ac diam cras,7.65
7655,utilisation,ultricies eu nibh quisque id justo sit,35.44
4152,moderator,potenti nullam porttitor lacus at,63.17
8174,6th generation,sed tristique in tempus sit amet sem,64.36
7646,synergy,eget tincidunt eget tempus vel pede morbi,52.97
4948,service-desk,posuere cubilia curae duis faucibus accumsan odio curabitur convallis,48.88
4874,product,donec diam neque vestibulum eget vulputate ut ultrices,7.7
8898,24/7,eros viverra eget congue eget semper rutrum nulla nunc purus,50.09
2785,hardware,ante vel ipsum praesent blandit lacinia erat vestibulum sed,19.68
933,architecture,sed accumsan felis ut at dolor quis odio consequat varius,46.3
4646,fault-tolerant,consectetuer adipiscing elit proin risus,22.31
5755,algorithm,felis donec semper sapien a libero nam dui proin,32.39
6169,architecture,penatibus et magnis dis parturient montes nascetur ridiculus,47.18
3405,Expanded,turpis enim blandit mi in,10.13
1925,6th generation,aenean lectus pellentesque eget nunc donec quis,66.46
948,Synergized,ut odio cras mi pede malesuada in,8.93
5476,structure,suscipit a feugiat et eros vestibulum ac est,55.04
8125,Business-focused,mi nulla ac enim in tempor turpis nec euismod scelerisque,59.4
2023,national,id ligula suspendisse ornare consequat lectus in est risus auctor,86.74
193,middleware,quis lectus suspendisse potenti in eleifend quam a odio,38.39
7360,national,turpis elementum ligula vehicula consequat morbi a,4.21
3987,Mandatory,volutpat convallis morbi odio odio elementum eu interdum eu tincidunt,75.28
9581,eco-centric,lectus in quam fringilla rhoncus mauris,66.87
8497,Future-proofed,pellentesque ultrices mattis odio donec vitae nisi,89.15
4244,actuating,mi integer ac neque duis bibendum morbi,27.89
2267,approach,tellus semper interdum mauris ullamcorper purus sit amet nulla,78.69
6111,static,nam dui proin leo odio porttitor id,3.87
137,grid-enabled,erat volutpat in congue etiam,26.22
6650,eco-centric,eu felis fusce posuere felis sed lacus,2.82
5566,foreground,ridiculus mus etiam vel augue vestibulum,51.99
4785,complexity,in magna bibendum imperdiet nullam orci pede venenatis non,44.55
5499,alliance,diam cras pellentesque volutpat dui maecenas,92.16
4268,implementation,nulla eget eros elementum pellentesque quisque,77.43
7309,neutral,quis tortor id nulla ultrices aliquet maecenas,8.83
9777,cohesive,nec molestie sed justo pellentesque viverra pede ac diam,17.21
6229,multi-tasking,vestibulum vestibulum ante ipsum primis in,29.18
2132,analyzing,nulla integer pede justo lacinia,24.66
9764,firmware,faucibus orci luctus et ultrices posuere cubilia curae nulla,48.38
5935,adapter,sit amet eleifend pede libero quis orci nullam molestie,98.05
7722,zero tolerance,nulla ac enim in tempor turpis,63.71
2172,disintermediate,eget eros elementum pellentesque quisque,20.77
9559,software,fusce consequat nulla nisl nunc,67.97
3569,Synergized,hac habitasse platea dictumst aliquam augue quam sollicitudin,78.21
1720,incremental,turpis integer aliquet massa id lobortis,72.15
691,architecture,morbi vel lectus in quam fringilla rhoncus,82.54
141,analyzer,aliquet massa id lobortis convallis tortor risus,40.23
7873,ability,vel sem sed sagittis nam congue risus semper porta,2.33
5734,Proactive,vulputate justo in blandit ultrices enim lorem ipsum,41.62
7748,Secured,tincidunt eget tempus vel pede morbi porttitor lorem,58.25
2569,Centralized,in hac habitasse platea dictumst etiam faucibus cursus urna ut,16.48
6026,Configurable,pulvinar sed nisl nunc rhoncus,52.8
871,global,vulputate elementum nullam varius nulla facilisi,83.22
4074,model,sed ante vivamus tortor duis,12.3
5648,Open-architected,eu magna vulputate luctus cum sociis natoque penatibus et magnis,15.54
5894,software,cubilia curae nulla dapibus dolor vel,52.12
214,utilisation,nulla suspendisse potenti cras in purus eu,80.25
6488,cohesive,interdum mauris ullamcorper purus sit amet,31.96
2157,moderator,orci vehicula condimentum curabitur in libero ut massa,85.91
6146,multi-state,at turpis donec posuere metus,73.18
1306,Robust,lobortis ligula sit amet eleifend pede libero quis orci nullam,43.73
4754,next generation,at nunc commodo placerat praesent,6.91
4058,capacity,id consequat in consequat ut,87.13
3628,asymmetric,sociis natoque penatibus et magnis dis parturient montes nascetur ridiculus,56.56
9694,Versatile,in tempus sit amet sem fusce consequat nulla nisl nunc,47.32
8731,impactful,hac habitasse platea dictumst morbi vestibulum velit id,15.51
3589,algorithm,nec nisi vulputate nonummy maecenas tincidunt lacus at velit,80.13
3516,scalable,eu orci mauris lacinia sapien quis libero nullam,15.78
8068,alliance,proin leo odio porttitor id consequat,63.0
620,productivity,nisl nunc rhoncus dui vel sem sed,34.84
9204,internet solution,pede libero quis orci nullam molestie,33.4
8685,Intuitive,quisque porta volutpat erat quisque erat,47.64
3678,full-range,vitae quam suspendisse potenti nullam porttitor lacus at,40.45
923,Enterprise-wide,tempor turpis nec euismod scelerisque quam turpis adipiscing lorem vitae,5.83
2567,Multi-tiered,tristique fusce congue diam id ornare,45.0
6284,incremental,id mauris vulputate elementum nullam varius nulla facilisi cras non,70.7
6353,User-friendly,mi in porttitor pede justo eu massa donec dapibus,48.72
8012,Secured,velit eu est congue elementum in hac,32.75
3471,empowering,quam sapien varius ut blandit,69.79
917,6th generation,rutrum at lorem integer tincidunt ante vel,64.5
3504,modular,eu sapien cursus vestibulum proin eu mi,97.84
9577,client-server,amet eros suspendisse accumsan tortor quis turpis sed ante vivamus,61.45
5373,throughput,mattis odio donec vitae nisi nam ultrices libero,80.26
8671,grid-enabled,id nisl venenatis lacinia aenean sit amet justo,30.18
3704,Total,vitae nisi nam ultrices libero non mattis pulvinar,12.73
3682,Decentralized,aliquet pulvinar sed nisl nunc rhoncus dui vel,58.8
863,firmware,sem fusce consequat nulla nisl nunc,38.07
7237,Seamless,lobortis ligula sit amet eleifend pede libero quis orci nullam,61.27
4858,intermediate,nullam sit amet turpis elementum ligula vehicula consequat,19.41
1557,attitude,odio consequat varius integer ac leo pellentesque,60.98
388,Public-key,pede malesuada in imperdiet et commodo vulputate justo in,81.92
534,flexibility,convallis morbi odio odio elementum eu interdum eu tincidunt in,15.16
5030,Extended,in libero ut massa volutpat convallis,70.75
687,bi-directional,et eros vestibulum ac est lacinia,49.54
1567,Profit-focused,faucibus accumsan odio curabitur convallis duis consequat dui nec nisi,29.12
3291,algorithm,suscipit nulla elit ac nulla,39.7
6428,foreground,donec diam neque vestibulum eget vulputate ut ultrices,29.18
3594,Enhanced,sollicitudin ut suscipit a feugiat,57.72
7023,leverage,turpis nec euismod scelerisque quam turpis adipiscing,68.13
1279,Pre-emptive,id massa id nisl venenatis lacinia aenean,38.42
3805,software,vel est donec odio justo sollicitudin ut suscipit,87.84
2562,Intuitive,elementum ligula vehicula consequat morbi a,16.2
1513,archive,augue vestibulum ante ipsum primis in,61.65
1318,hardware,sit amet nunc viverra dapibus nulla,69.39
5653,capability,mollis molestie lorem quisque ut erat curabitur gravida nisi at,12.67
6300,cohesive,cum sociis natoque penatibus et magnis,39.97
4710,didactic,pede ac diam cras pellentesque volutpat,10.04
6080,directional,mattis egestas metus aenean fermentum,46.87
6653,incremental,velit vivamus vel nulla eget eros elementum,39.77
3968,Profit-focused,cras in purus eu magna vulputate luctus cum sociis natoque,22.18
9020,data-warehouse,in porttitor pede justo eu massa donec,5.02
5321,open architecture,nibh in lectus pellentesque at nulla,27.71
9546,product,rhoncus sed vestibulum sit amet,36.07
7313,Adaptive,porttitor lorem id ligula suspendisse ornare consequat,31.33
6663,web-enabled,justo maecenas rhoncus aliquam lacus morbi quis tortor id nulla,76.49
3208,Multi-layered,ipsum primis in faucibus orci luctus et ultrices posuere,18.09
7181,web-enabled,ut nunc vestibulum ante ipsum primis in,59.9
3042,client-driven,turpis donec posuere metus vitae ipsum aliquam,94.27
1563,Fundamental,leo odio condimentum id luctus,8.61
6134,access,quam sollicitudin vitae consectetuer eget rutrum at,88.21
3965,bandwidth-monitored,tellus in sagittis dui vel nisl duis ac,61.49
1036,Automated,nullam sit amet turpis elementum ligula vehicula,36.93
4510,Virtual,libero ut massa volutpat convallis,62.66
8116,stable,gravida sem praesent id massa id nisl venenatis lacinia,88.98
1918,bandwidth-monitored,augue luctus tincidunt nulla mollis molestie lorem quisque ut,19.3
23,protocol,felis donec semper sapien a libero nam dui proin,14.32
5306,model,congue eget semper rutrum nulla nunc purus phasellus in felis,13.25
567,multi-tasking,justo in blandit ultrices enim lorem ipsum dolor sit amet,1.5
9016,Profound,suscipit ligula in lacus curabitur at ipsum ac tellus,7.38
181,portal,bibendum morbi non quam nec dui luctus,82.76
4733,disintermediate,nulla elit ac nulla sed,20.83
4460,Front-line,adipiscing molestie hendrerit at vulputate,37.94
3168,migration,venenatis non sodales sed tincidunt eu,41.84
5931,De-engineered,natoque penatibus et magnis dis parturient montes nascetur ridiculus mus,16.93
5877,Grass-roots,sed vel enim sit amet nunc,85.85
4683,Persevering,phasellus in felis donec semper sapien,37.78
5673,utilisation,semper sapien a libero nam dui proin leo,24.11
5530,Up-sized,sed lacus morbi sem mauris laoreet ut rhoncus aliquet pulvinar,1.18
8285,Advanced,sapien non mi integer ac neque duis,84.67
2427,real-time,odio cras mi pede malesuada in imperdiet et commodo vulputate,82.47
4792,Pre-emptive,malesuada in imperdiet et commodo vulputate justo in,22.4
7178,secondary,augue aliquam erat volutpat in,68.46
1036,Grass-roots,in lacus curabitur at ipsum ac,64.06
3090,array,vitae ipsum aliquam non mauris morbi non lectus aliquam sit,73.91
9323,open architecture,sed magna at nunc commodo placerat praesent,65.77
1607,middleware,ipsum primis in faucibus orci luctus et ultrices,97.47
1588,regional,vestibulum aliquet ultrices erat tortor sollicitudin mi,79.79
4691,radical,sapien non mi integer ac neque duis bibendum,73.5
3507,Customizable,rhoncus sed vestibulum sit amet cursus id turpis integer,31.0
962,didactic,porta volutpat quam pede lobortis,3.99
5141,workforce,magnis dis parturient montes nascetur ridiculus mus,87.07
6734,Compatible,mauris laoreet ut rhoncus aliquet pulvinar sed nisl nunc rhoncus,87.52
7324,toolset,libero rutrum ac lobortis vel dapibus at,24.36
8823,Innovative,odio curabitur convallis duis consequat,71.2
7136,synergy,gravida nisi at nibh in hac,6.81
8707,methodology,erat fermentum justo nec condimentum neque sapien,31.65
2775,circuit,molestie hendrerit at vulputate vitae nisl aenean lectus,87.43
2886,Mandatory,diam id ornare imperdiet sapien urna,39.38
7799,system-worthy,dis parturient montes nascetur ridiculus mus etiam vel,6.84
5704,process improvement,vitae mattis nibh ligula nec,62.9
1980,bottom-line,faucibus accumsan odio curabitur convallis duis consequat dui nec nisi,84.31
533,Down-sized,mattis egestas metus aenean fermentum donec,26.76
5609,encryption,sapien sapien non mi integer,61.78
6040,Total,felis sed interdum venenatis turpis enim,31.69
5930,application,nec condimentum neque sapien placerat ante nulla,9.9
8649,interactive,id luctus nec molestie sed justo pellentesque,91.0
9949,product,at nulla suspendisse potenti cras in purus eu magna,11.71
5151,Persistent,duis at velit eu est congue elementum in hac,82.34
9850,Switchable,quis turpis eget elit sodales,6.59
2203,knowledge base,rhoncus aliquam lacus morbi quis tortor,32.76
5549,emulation,vel accumsan tellus nisi eu orci mauris lacinia sapien quis,69.51
3098,didactic,nulla sed accumsan felis ut at dolor quis,16.63
5392,Advanced,elementum ligula vehicula consequat morbi,39.35
4747,regional,in libero ut massa volutpat convallis morbi odio,55.4
6669,incremental,quam turpis adipiscing lorem vitae mattis nibh ligula nec sem,74.92
3429,Synergized,turpis donec posuere metus vitae ipsum aliquam,96.18
3724,adapter,sit amet consectetuer adipiscing elit proin interdum mauris,34.37
6811,function,est congue elementum in hac,64.85
9471,24/7,viverra eget congue eget semper rutrum nulla nunc purus,63.06
9474,fault-tolerant,et magnis dis parturient montes nascetur ridiculus mus vivamus vestibulum,99.14
2391,analyzing,ligula pellentesque ultrices phasellus id sapien in sapien,35.22
4630,definition,in imperdiet et commodo vulputate,56.03
2533,time-frame,eu interdum eu tincidunt in leo,87.95
790,Self-enabling,neque sapien placerat ante nulla justo aliquam quis turpis,49.56
4865,asymmetric,luctus ultricies eu nibh quisque id,95.3
7175,needs-based,morbi quis tortor id nulla ultrices aliquet,44.71
5036,orchestration,at ipsum ac tellus semper interdum mauris,63.27
564,infrastructure,sit amet consectetuer adipiscing elit proin risus praesent lectus vestibulum,85.74
4716,Triple-buffered,rhoncus aliquet pulvinar sed nisl nunc rhoncus dui vel,47.52
7919,product,vestibulum proin eu mi nulla,92.64
9259,holistic,ultrices aliquet maecenas leo odio condimentum id,3.5
4418,Multi-tiered,aliquam sit amet diam in magna bibendum,33.51
3591,Grass-roots,arcu sed augue aliquam erat,13.73
5409,Enhanced,eu massa donec dapibus duis,31.42
1304,portal,condimentum id luctus nec molestie sed,68.21
1868,productivity,nisi eu orci mauris lacinia sapien quis libero,73.51
5897,superstructure,ligula sit amet eleifend pede,2.55
1370,model,pede venenatis non sodales sed tincidunt eu felis fusce,58.14
1377,intranet,nunc vestibulum ante ipsum primis in,95.57
8874,Innovative,rutrum nulla tellus in sagittis dui vel,17.63
2314,Integrated,nullam orci pede venenatis non,40.31
5201,Horizontal,eu interdum eu tincidunt in leo maecenas pulvinar,62.09
3063,intranet,erat volutpat in congue etiam justo etiam,82.5
5667,Decentralized,sapien placerat ante nulla justo,14.23
1685,framework,velit vivamus vel nulla eget,95.9
4374,solution,quis odio consequat varius integer ac,39.76
8276,uniform,nullam porttitor lacus at turpis,2.55
3704,human-resource,convallis duis consequat dui nec nisi,3.98
2076,hub,hac habitasse platea dictumst etiam faucibus cursus urna ut tellus,89.83
7211,Innovative,nulla nisl nunc nisl duis bibendum felis sed,17.47
7091,human-resource,amet justo morbi ut odio cras mi,41.18
5943,Future-proofed,in quis justo maecenas rhoncus aliquam lacus,15.97
4050,forecast,sit amet turpis elementum ligula vehicula,5.99
6671,methodical,sem fusce consequat nulla nisl nunc nisl duis bibendum felis,94.83
1297,hierarchy,ante ipsum primis in faucibus orci,94.52
3604,protocol,elementum nullam varius nulla facilisi cras non velit nec,92.83
3861,demand-driven,consequat metus sapien ut nunc vestibulum ante ipsum,86.65
2570,tertiary,in felis eu sapien cursus vestibulum proin eu mi,40.96
6401,Expanded,tristique est et tempus semper est quam,74.03
9604,Re-contextualized,augue a suscipit nulla elit ac nulla sed vel enim,14.15
7799,Visionary,nec condimentum neque sapien placerat ante,29.02
1179,emulation,mattis pulvinar nulla pede ullamcorper augue a suscipit nulla,20.46
817,capacity,vestibulum ante ipsum primis in,6.98
7910,didactic,interdum mauris non ligula pellentesque ultrices phasellus id,36.61
465,adapter,porttitor lacus at turpis donec posuere metus vitae ipsum,29.97
1805,directional,elementum ligula vehicula consequat morbi a ipsum integer a,68.16
1302,Ergonomic,eros viverra eget congue eget semper rutrum nulla nunc purus,8.08
1821,throughput,libero nam dui proin leo odio porttitor,72.93
3250,context-sensitive,pede justo eu massa donec dapibus duis,43.2
7259,process improvement,hac habitasse platea dictumst maecenas ut massa quis augue,96.96
8029,eco-centric,non sodales sed tincidunt eu felis fusce posuere,1.55
8647,Synergistic,vel augue vestibulum rutrum rutrum neque aenean auctor gravida,26.6
7915,user-facing,felis donec semper sapien a libero nam dui proin leo,82.15
2854,Optional,volutpat eleifend donec ut dolor morbi vel,52.84
1730,didactic,congue vivamus metus arcu adipiscing molestie hendrerit at vulputate vitae,16.39
7296,Persevering,sapien cursus vestibulum proin eu mi nulla,48.87
7982,context-sensitive,vivamus vestibulum sagittis sapien cum sociis natoque penatibus et,47.25
1470,optimal,nonummy maecenas tincidunt lacus at velit vivamus vel nulla eget,62.64
5786,firmware,nulla dapibus dolor vel est donec odio justo sollicitudin,53.46
8992,migration,elit ac nulla sed vel enim sit amet nunc,14.15
9261,grid-enabled,lacinia eget tincidunt eget tempus,99.36
1439,homogeneous,bibendum morbi non quam nec dui luctus rutrum nulla,39.17
340,Graphical User Interface,molestie hendrerit at vulputate vitae nisl aenean,63.14
3072,cohesive,in consequat ut nulla sed accumsan felis ut,48.73
4862,contingency,mauris vulputate elementum nullam varius nulla facilisi cras non velit,96.35
4668,implementation,habitasse platea dictumst etiam faucibus cursus urna ut tellus,61.26
5426,Upgradable,est risus auctor sed tristique in tempus,32.51
4378,24/7,ut blandit non interdum in ante vestibulum ante ipsum primis,52.55
9158,customer loyalty,quam turpis adipiscing lorem vitae mattis nibh ligula nec,59.4
7449,time-frame,venenatis turpis enim blandit mi in porttitor,64.57
7741,Adaptive,pede lobortis ligula sit amet eleifend pede libero quis orci,15.18
9160,interactive,tempus vel pede morbi porttitor lorem id,5.57
8941,workforce,habitasse platea dictumst morbi vestibulum,1.78
1201,Virtual,amet consectetuer adipiscing elit proin interdum mauris non,29.18
5987,Centralized,neque sapien placerat ante nulla justo aliquam quis turpis eget,25.9
7677,holistic,pretium quis lectus suspendisse potenti,42.24
7523,Centralized,quam suspendisse potenti nullam porttitor lacus at turpis,43.75
9422,internet solution,sit amet cursus id turpis integer aliquet massa id,55.03
5865,asynchronous,vitae quam suspendisse potenti nullam,62.8
646,Ameliorated,ultrices erat tortor sollicitudin mi sit amet lobortis,95.82
8154,Sharable,libero quis orci nullam molestie,24.84
8609,installation,velit nec nisi vulputate nonummy maecenas tincidunt lacus at velit,1.3
7035,analyzing,cubilia curae mauris viverra diam vitae quam suspendisse potenti,44.5
6856,User-friendly,ligula vehicula consequat morbi a ipsum integer a nibh in,70.16
7840,User-centric,ultrices vel augue vestibulum ante ipsum primis,58.45
3708,hardware,quam fringilla rhoncus mauris enim leo,67.24
515,installation,at velit vivamus vel nulla eget,52.37
2880,Multi-tiered,at ipsum ac tellus semper,68.06
2743,middleware,sed magna at nunc commodo placerat praesent blandit nam,1.58
3719,high-level,sit amet turpis elementum ligula vehicula consequat morbi a ipsum,54.84
8230,Enterprise-wide,non quam nec dui luctus rutrum nulla tellus in,50.16
3294,Graphical User Interface,odio donec vitae nisi nam ultrices,90.01
9952,encompassing,hendrerit at vulputate vitae nisl aenean lectus pellentesque eget,76.3
2847,local area network,consequat ut nulla sed accumsan felis ut at dolor quis,73.42
6104,open system,cum sociis natoque penatibus et magnis,3.24
9455,Pre-emptive,pulvinar sed nisl nunc rhoncus dui vel sem sed sagittis,25.67
1097,zero administration,parturient montes nascetur ridiculus mus etiam vel augue vestibulum,61.8
835,instruction set,ac tellus semper interdum mauris ullamcorper,55.0
4997,Managed,nulla tellus in sagittis dui vel nisl duis ac,76.98
8380,well-modulated,fermentum justo nec condimentum neque sapien placerat ante nulla,42.51
7279,analyzing,in faucibus orci luctus et ultrices posuere cubilia curae,8.19
4079,impactful,justo sollicitudin ut suscipit a feugiat,37.61
3080,Team-oriented,molestie lorem quisque ut erat curabitur gravida nisi at,79.22
8316,Quality-focused,nisl nunc rhoncus dui vel sem sed sagittis,98.24
9062,neutral,pharetra magna ac consequat metus sapien ut nunc vestibulum ante,57.16
3329,Synergized,eget nunc donec quis orci eget orci vehicula condimentum,55.31
120,even-keeled,adipiscing elit proin interdum mauris non ligula,77.21
6504,extranet,sapien in sapien iaculis congue,35.09
3639,content-based,porta volutpat erat quisque erat eros viverra,85.38
5191,architecture,nisi nam ultrices libero non,36.2
2171,throughput,cubilia curae mauris viverra diam vitae quam suspendisse,94.27
1660,Reverse-engineered,sapien cursus vestibulum proin eu mi nulla ac enim,86.42
9195,framework,in imperdiet et commodo vulputate justo in blandit,54.58
2252,Graphic Interface,elementum pellentesque quisque porta volutpat,2.48
4175,Object-based,pede justo eu massa donec dapibus,54.76
6483,Managed,dictumst morbi vestibulum velit id pretium iaculis diam erat,24.05
9320,multimedia,augue a suscipit nulla elit ac nulla sed vel,63.09
3585,Vision-oriented,vestibulum sit amet cursus id turpis,78.79
3868,Reverse-engineered,in tempus sit amet sem fusce,49.01
7462,bifurcated,non sodales sed tincidunt eu felis fusce,55.37
4376,Team-oriented,ipsum primis in faucibus orci,66.03
4490,policy,morbi ut odio cras mi pede malesuada,91.56
6406,neural-net,massa quis augue luctus tincidunt nulla mollis molestie,7.78
7305,archive,id nisl venenatis lacinia aenean sit amet justo morbi ut,98.34
6780,leading edge,ipsum primis in faucibus orci luctus et ultrices posuere,21.08
6997,projection,accumsan felis ut at dolor,41.11
93,Intuitive,varius nulla facilisi cras non velit nec nisi,23.38
3935,bi-directional,vestibulum sit amet cursus id turpis integer,83.41
4352,Phased,nulla ut erat id mauris vulputate elementum,88.27
4153,eco-centric,erat volutpat in congue etiam justo etiam,56.31
1654,Enterprise-wide,blandit ultrices enim lorem ipsum dolor sit amet,19.26
3544,Front-line,at vulputate vitae nisl aenean lectus,81.94
8541,human-resource,diam id ornare imperdiet sapien urna pretium,83.69
9733,Cloned,lobortis est phasellus sit amet erat nulla tempus,36.42
3205,user-facing,id ornare imperdiet sapien urna pretium nisl ut volutpat,38.86
4384,modular,luctus rutrum nulla tellus in,99.52
4944,forecast,nulla sed accumsan felis ut at dolor quis odio consequat,50.32
7437,6th generation,volutpat dui maecenas tristique est et tempus,10.53
2616,alliance,eget tempus vel pede morbi porttitor lorem id,47.86
6747,well-modulated,lorem vitae mattis nibh ligula nec sem,17.1
2034,migration,fusce consequat nulla nisl nunc nisl duis bibendum,29.42
1489,workforce,sapien urna pretium nisl ut volutpat sapien arcu sed augue,84.58
8657,Re-contextualized,habitasse platea dictumst morbi vestibulum velit id,94.38
6679,neural-net,vestibulum sed magna at nunc commodo,88.81
4749,project,congue etiam justo etiam pretium iaculis justo in hac habitasse,52.31
5028,static,volutpat dui maecenas tristique est et tempus,25.49
5776,Face to face,nisl ut volutpat sapien arcu sed augue,87.96
4150,asynchronous,in faucibus orci luctus et,8.5
7475,Progressive,nulla ut erat id mauris vulputate elementum nullam varius,88.4
4485,utilisation,porttitor id consequat in consequat ut nulla sed accumsan,27.05
6648,bottom-line,quis tortor id nulla ultrices aliquet maecenas leo,7.31
6217,hardware,molestie sed justo pellentesque viverra,15.63
1172,radical,nisl aenean lectus pellentesque eget nunc donec quis orci,37.32
4864,Networked,tempus vel pede morbi porttitor,47.7
6523,Grass-roots,at nunc commodo placerat praesent blandit nam,3.21
3478,success,volutpat quam pede lobortis ligula sit amet eleifend pede,35.96
4457,Progressive,turpis enim blandit mi in,64.62
9789,intranet,suspendisse accumsan tortor quis turpis sed ante vivamus tortor duis,60.31
1502,Versatile,lacinia nisi venenatis tristique fusce congue,83.23
2475,Innovative,proin eu mi nulla ac enim in,59.11
5237,Upgradable,habitasse platea dictumst etiam faucibus cursus,75.92
2731,Inverse,turpis nec euismod scelerisque quam turpis adipiscing lorem,26.01
252,approach,lectus pellentesque at nulla suspendisse potenti cras in purus,75.31
6192,Front-line,amet cursus id turpis integer,13.82
2926,model,nunc commodo placerat praesent blandit,16.1
6837,discrete,etiam pretium iaculis justo in hac,26.66
3332,reciprocal,vel dapibus at diam nam tristique,40.16
9851,infrastructure,penatibus et magnis dis parturient montes nascetur ridiculus,59.88
5968,demand-driven,in tempor turpis nec euismod,96.87
6311,modular,vulputate vitae nisl aenean lectus pellentesque eget nunc donec quis,69.5
2497,Secured,volutpat in congue etiam justo etiam pretium,47.48
5811,client-server,sed vel enim sit amet,52.16
8176,Profound,cras in purus eu magna vulputate luctus,81.57
8065,Intuitive,nam congue risus semper porta volutpat quam pede lobortis,27.3
3179,motivating,pretium iaculis diam erat fermentum,76.11
6530,uniform,turpis nec euismod scelerisque quam turpis adipiscing lorem,31.18
3893,Down-sized,consequat morbi a ipsum integer a nibh in quis justo,98.46
5602,responsive,enim lorem ipsum dolor sit,77.17
3314,Programmable,nec nisi volutpat eleifend donec ut dolor morbi,56.58
3791,Integrated,ultrices posuere cubilia curae donec pharetra,21.31
8602,eco-centric,laoreet ut rhoncus aliquet pulvinar,41.72
3767,Organized,est phasellus sit amet erat nulla,32.37
8180,help-desk,eleifend quam a odio in hac habitasse platea dictumst,72.06
4444,disintermediate,ut nunc vestibulum ante ipsum primis in faucibus orci,85.12
1725,Phased,nonummy maecenas tincidunt lacus at velit vivamus,6.41
4945,encryption,feugiat et eros vestibulum ac est lacinia,75.05
218,algorithm,augue vestibulum ante ipsum primis in faucibus orci luctus et,7.18
7585,disintermediate,convallis morbi odio odio elementum eu,50.66
8120,Polarised,montes nascetur ridiculus mus vivamus vestibulum,10.37
1623,project,faucibus orci luctus et ultrices posuere cubilia,30.84
1722,Customer-focused,id lobortis convallis tortor risus dapibus augue vel,45.97
6402,Monitored,molestie hendrerit at vulputate vitae nisl aenean,49.48
114,neural-net,lectus in est risus auctor sed tristique in tempus,93.56
9680,paradigm,lacus morbi quis tortor id nulla,62.78
9032,scalable,lectus aliquam sit amet diam in magna bibendum,13.03
9459,optimal,felis sed lacus morbi sem mauris laoreet ut rhoncus,61.59
5116,neutral,mollis molestie lorem quisque ut erat,44.6
7312,alliance,nec sem duis aliquam convallis nunc proin at turpis a,32.72
5993,bottom-line,turpis sed ante vivamus tortor,82.99
717,Vision-oriented,nullam porttitor lacus at turpis donec posuere,77.13
8654,clear-thinking,orci pede venenatis non sodales sed tincidunt eu felis,48.91
1183,implementation,orci luctus et ultrices posuere cubilia curae mauris viverra,57.83
5207,intangible,ante vestibulum ante ipsum primis in faucibus orci luctus et,17.83
1886,mission-critical,ultrices enim lorem ipsum dolor,86.29
5131,global,et ultrices posuere cubilia curae duis faucibus accumsan odio,94.0
3489,analyzer,nisi nam ultrices libero non mattis pulvinar,49.33
9386,Mandatory,fusce posuere felis sed lacus morbi sem,2.31
1293,Proactive,congue etiam justo etiam pretium iaculis justo in hac habitasse,97.97
870,modular,amet cursus id turpis integer aliquet massa id lobortis,66.89
6245,alliance,curae nulla dapibus dolor vel est donec odio,43.64
5264,Reduced,rhoncus sed vestibulum sit amet cursus id,98.27
444,firmware,mollis molestie lorem quisque ut erat curabitur gravida,81.76
9177,Inverse,blandit non interdum in ante vestibulum ante ipsum primis,54.85
8165,Future-proofed,maecenas pulvinar lobortis est phasellus sit amet,40.06
84,optimal,ut dolor morbi vel lectus in quam fringilla rhoncus,76.61
4734,Re-engineered,tristique in tempus sit amet sem fusce,72.51
4404,protocol,pellentesque ultrices phasellus id sapien,46.0
9330,Switchable,luctus tincidunt nulla mollis molestie,90.51
3978,hybrid,a pede posuere nonummy integer,9.8
2574,bifurcated,sapien sapien non mi integer ac,63.5
9883,Self-enabling,tempor turpis nec euismod scelerisque quam turpis adipiscing lorem vitae,73.35
6735,background,vestibulum ante ipsum primis in faucibus orci,28.61
5436,Diverse,dictumst maecenas ut massa quis augue luctus,74.1
102,Fully-configurable,quis tortor id nulla ultrices aliquet,48.58
9493,Multi-tiered,ornare imperdiet sapien urna pretium nisl,16.47
1991,multi-state,elementum in hac habitasse platea dictumst,31.14
5092,Profound,nulla suspendisse potenti cras in purus eu magna vulputate luctus,83.64
3360,Mandatory,risus auctor sed tristique in,56.29
8234,Object-based,donec diam neque vestibulum eget vulputate ut,27.48
8789,solution-oriented,sem mauris laoreet ut rhoncus aliquet pulvinar sed,17.56
4953,Focused,aenean fermentum donec ut mauris,85.42
3240,Centralized,morbi porttitor lorem id ligula suspendisse ornare consequat lectus,53.56
9608,grid-enabled,erat nulla tempus vivamus in,83.49
2764,real-time,pretium iaculis diam erat fermentum justo,16.36
572,Grass-roots,in hac habitasse platea dictumst morbi vestibulum velit id,66.42
4870,challenge,erat fermentum justo nec condimentum neque,78.7
4618,regional,viverra eget congue eget semper,5.4
2360,Intuitive,varius ut blandit non interdum in ante vestibulum ante,70.49
3975,firmware,eget eros elementum pellentesque quisque porta,4.87
746,Seamless,nulla justo aliquam quis turpis eget elit sodales,69.44
3650,Sharable,potenti cras in purus eu,46.32
6001,client-driven,in sapien iaculis congue vivamus metus arcu adipiscing molestie,9.85
634,analyzing,eget eleifend luctus ultricies eu nibh quisque id,50.19
7234,emulation,libero ut massa volutpat convallis morbi odio odio elementum,19.2
9484,Public-key,dui vel nisl duis ac nibh fusce lacus purus,6.16
2303,Public-key,cubilia curae mauris viverra diam vitae,31.78
1828,Team-oriented,ipsum primis in faucibus orci luctus et,80.4
9800,Managed,curabitur at ipsum ac tellus semper interdum mauris,49.32
6996,Reduced,augue aliquam erat volutpat in,51.92
5909,Universal,dui luctus rutrum nulla tellus in sagittis dui,49.61
9586,modular,tristique in tempus sit amet sem fusce,93.25
4322,software,justo pellentesque viverra pede ac diam,73.99
4318,Vision-oriented,molestie hendrerit at vulputate vitae nisl,64.96
6149,extranet,quisque erat eros viverra eget congue eget semper rutrum nulla,97.29
477,Robust,nullam sit amet turpis elementum,47.36
2319,human-resource,magna vestibulum aliquet ultrices erat,78.11
3089,web-enabled,luctus et ultrices posuere cubilia curae mauris,34.21
2341,help-desk,ac leo pellentesque ultrices mattis odio donec vitae nisi nam,6.26
4437,database,mi in porttitor pede justo eu massa donec dapibus,43.63
4405,Persistent,orci luctus et ultrices posuere cubilia curae nulla dapibus dolor,66.45
9709,website,ac lobortis vel dapibus at diam,91.64
9581,Inverse,nec dui luctus rutrum nulla tellus in sagittis dui,37.68
7946,didactic,nulla quisque arcu libero rutrum ac lobortis vel dapibus,3.55
4737,heuristic,cum sociis natoque penatibus et magnis,60.05
7450,global,vitae quam suspendisse potenti nullam porttitor lacus at turpis,72.98
5500,Face to face,libero non mattis pulvinar nulla pede ullamcorper,53.77
2856,internet solution,interdum mauris non ligula pellentesque,93.09
1166,zero defect,aliquet maecenas leo odio condimentum id luctus nec,17.58
7542,radical,feugiat non pretium quis lectus suspendisse potenti in eleifend,26.57
842,client-server,tempus vivamus in felis eu sapien cursus,26.02
8681,Organized,eu nibh quisque id justo sit amet,81.72
6520,help-desk,cursus id turpis integer aliquet,70.6
6716,well-modulated,risus auctor sed tristique in tempus,71.26
8231,asynchronous,vestibulum eget vulputate ut ultrices vel,96.92
3966,concept,metus aenean fermentum donec ut mauris eget massa,99.19
581,Optional,lorem integer tincidunt ante vel ipsum praesent blandit lacinia,35.46
2436,zero defect,odio elementum eu interdum eu tincidunt in leo maecenas pulvinar,29.33
4459,zero tolerance,posuere cubilia curae mauris viverra diam vitae,13.43
4193,matrices,potenti nullam porttitor lacus at,20.07
3232,website,vivamus in felis eu sapien cursus vestibulum proin eu mi,95.2
4497,Graphical User Interface,vivamus tortor duis mattis egestas metus aenean fermentum donec,43.44
9230,multi-tasking,ultrices posuere cubilia curae mauris,12.77
9297,Pre-emptive,sodales sed tincidunt eu felis fusce posuere felis sed,90.35
3404,architecture,eu interdum eu tincidunt in,55.83
4815,Robust,augue vestibulum ante ipsum primis in faucibus orci,26.73
7127,mission-critical,platea dictumst morbi vestibulum velit id pretium iaculis diam erat,31.56
5608,Operative,rhoncus aliquet pulvinar sed nisl nunc rhoncus,70.48
7078,stable,dictumst morbi vestibulum velit id pretium iaculis diam,77.49
3079,Secured,orci luctus et ultrices posuere,85.04
9712,zero defect,mauris vulputate elementum nullam varius nulla facilisi,84.21
5680,Grass-roots,vestibulum ac est lacinia nisi venenatis,17.52
6237,24 hour,praesent blandit lacinia erat vestibulum sed,84.23
4040,groupware,turpis sed ante vivamus tortor duis mattis,81.08
6462,Operative,vehicula consequat morbi a ipsum integer a nibh in,53.21
1251,Exclusive,consequat nulla nisl nunc nisl duis,45.98
206,motivating,commodo vulputate justo in blandit ultrices enim,96.95
7718,responsive,vel lectus in quam fringilla rhoncus,12.01
611,full-range,vivamus tortor duis mattis egestas,57.33
1378,Synchronised,morbi odio odio elementum eu interdum eu,7.97
7632,uniform,quis justo maecenas rhoncus aliquam lacus morbi quis,56.36
5838,knowledge base,praesent id massa id nisl venenatis lacinia aenean sit amet,68.37
5881,Up-sized,et magnis dis parturient montes,21.19
3981,support,pede venenatis non sodales sed tincidunt eu felis,8.8
3653,coherent,curabitur at ipsum ac tellus semper,44.1
7649,clear-thinking,convallis tortor risus dapibus augue vel,39.95
8358,Graphic Interface,phasellus id sapien in sapien iaculis congue vivamus,50.66
7993,needs-based,bibendum morbi non quam nec dui luctus rutrum,94.12
8078,core,suspendisse potenti nullam porttitor lacus at turpis donec posuere metus,24.9
7810,mobile,volutpat convallis morbi odio odio elementum,42.06
183,functionalities,dignissim vestibulum vestibulum ante ipsum primis in faucibus orci luctus,4.53
5696,moratorium,sapien quis libero nullam sit amet turpis elementum,89.03
4069,Customer-focused,quam sapien varius ut blandit non interdum,51.64
7573,system engine,lacus at velit vivamus vel nulla eget eros elementum pellentesque,32.14
5864,attitude-oriented,sapien a libero nam dui proin leo,78.62
8636,background,sit amet erat nulla tempus vivamus,30.42
1571,Fundamental,erat vestibulum sed magna at nunc,33.85
7319,attitude,nullam porttitor lacus at turpis,28.63
9201,Triple-buffered,mus vivamus vestibulum sagittis sapien cum sociis natoque penatibus,39.42
5006,Fundamental,pretium nisl ut volutpat sapien arcu sed augue,56.53
1780,well-modulated,pellentesque viverra pede ac diam cras pellentesque volutpat dui,56.88
7644,functionalities,morbi non lectus aliquam sit amet,82.22
5425,collaboration,ante ipsum primis in faucibus orci luctus et ultrices posuere,97.0
3920,project,tincidunt ante vel ipsum praesent blandit lacinia erat,13.55
2171,service-desk,sed nisl nunc rhoncus dui vel sem sed sagittis,49.19
8582,national,leo maecenas pulvinar lobortis est phasellus sit,38.07
4926,alliance,amet cursus id turpis integer aliquet massa id lobortis convallis,5.3
1258,functionalities,placerat ante nulla justo aliquam,24.42
8425,radical,et ultrices posuere cubilia curae mauris viverra diam,64.62
7362,scalable,sit amet sem fusce consequat nulla nisl,56.33
6760,Object-based,lorem ipsum dolor sit amet consectetuer adipiscing elit proin,5.51
2479,Graphic Interface,metus sapien ut nunc vestibulum ante ipsum,48.29
4066,Configurable,viverra dapibus nulla suscipit ligula in lacus curabitur at ipsum,9.74
7927,access,viverra pede ac diam cras,4.4
2544,Diverse,non mauris morbi non lectus aliquam sit amet diam in,6.89
1812,human-resource,magna vulputate luctus cum sociis,17.63
401,needs-based,luctus et ultrices posuere cubilia,98.05
375,Extended,interdum mauris non ligula pellentesque ultrices phasellus id,30.68
6504,modular,mauris non ligula pellentesque ultrices phasellus id,54.41
5306,Networked,primis in faucibus orci luctus et ultrices posuere cubilia,91.91
4873,fresh-thinking,at nibh in hac habitasse platea,23.59
4094,foreground,turpis enim blandit mi in porttitor,48.21
3970,demand-driven,sem mauris laoreet ut rhoncus aliquet,54.77
3621,User-friendly,quam sollicitudin vitae consectetuer eget rutrum at lorem,4.84
8583,complexity,erat tortor sollicitudin mi sit amet lobortis,55.83
3541,Profound,integer tincidunt ante vel ipsum,21.2
5351,content-based,proin risus praesent lectus vestibulum quam sapien varius ut blandit,29.48
5590,product,in felis eu sapien cursus,90.89
7742,Robust,vel augue vestibulum rutrum rutrum neque aenean,70.51
9036,composite,orci luctus et ultrices posuere cubilia curae,1.53
1488,Horizontal,donec semper sapien a libero nam dui proin leo odio,96.24
5747,secondary,turpis sed ante vivamus tortor,68.02
6906,asynchronous,vel pede morbi porttitor lorem id ligula suspendisse,26.89
1359,Reduced,in hac habitasse platea dictumst,93.53
1060,Organic,mi in porttitor pede justo eu massa,5.97
2602,Programmable,nascetur ridiculus mus vivamus vestibulum sagittis sapien cum sociis natoque,52.59
6444,local,turpis enim blandit mi in porttitor pede justo eu,86.67
8945,methodology,dapibus nulla suscipit ligula in,15.09
8368,superstructure,justo etiam pretium iaculis justo in,58.37
2271,reciprocal,nullam porttitor lacus at turpis donec posuere metus vitae,25.13
2731,actuating,dictumst etiam faucibus cursus urna ut tellus nulla,50.71
3138,Polarised,sem praesent id massa id,57.81
6117,dynamic,lectus suspendisse potenti in eleifend quam a,81.62
2537,systemic,eu interdum eu tincidunt in,19.72
3619,Networked,nulla mollis molestie lorem quisque,37.54
8818,moratorium,urna ut tellus nulla ut,7.89
6552,intranet,nibh in quis justo maecenas rhoncus aliquam lacus morbi quis,15.17
4217,Extended,eget semper rutrum nulla nunc,11.65
2848,Graphic Interface,donec posuere metus vitae ipsum aliquam,61.34
3404,Visionary,blandit non interdum in ante vestibulum ante ipsum primis,30.41
9813,clear-thinking,ut erat curabitur gravida nisi at nibh,5.45
1063,eco-centric,quam fringilla rhoncus mauris enim leo rhoncus sed vestibulum sit,43.24
8229,discrete,pretium nisl ut volutpat sapien arcu sed augue aliquam erat,8.0
5157,Multi-channelled,condimentum neque sapien placerat ante,95.96
8819,object-oriented,mauris laoreet ut rhoncus aliquet pulvinar sed nisl nunc,14.09
3405,demand-driven,sed tincidunt eu felis fusce posuere felis sed,5.2
2991,moderator,justo sit amet sapien dignissim vestibulum vestibulum ante,73.72
8460,6th generation,vel accumsan tellus nisi eu orci,44.53
2537,responsive,elementum nullam varius nulla facilisi,95.59
6577,Upgradable,in faucibus orci luctus et ultrices posuere cubilia curae donec,91.43
9517,attitude,leo odio condimentum id luctus,50.82
4852,Secured,convallis nunc proin at turpis a,39.83
4697,systematic,sit amet consectetuer adipiscing elit proin risus praesent lectus,81.82
5519,global,urna ut tellus nulla ut erat id mauris vulputate elementum,6.34
8908,logistical,sed tristique in tempus sit amet sem fusce consequat,10.18
7856,Robust,maecenas tristique est et tempus semper est quam pharetra magna,79.17
3569,definition,etiam vel augue vestibulum rutrum rutrum neque aenean auctor gravida,54.07
3521,bifurcated,blandit non interdum in ante vestibulum ante ipsum primis in,62.97
45,leading edge,nulla suscipit ligula in lacus curabitur at ipsum ac,15.62
1112,benchmark,volutpat in congue etiam justo etiam,15.71
4239,customer loyalty,amet sem fusce consequat nulla,70.53
1031,Team-oriented,orci pede venenatis non sodales sed tincidunt eu felis,16.71
8556,web-enabled,metus arcu adipiscing molestie hendrerit at vulputate vitae,4.03
4594,Persistent,montes nascetur ridiculus mus etiam vel augue vestibulum,44.44
7366,optimizing,congue etiam justo etiam pretium,74.8
2883,human-resource,orci vehicula condimentum curabitur in libero ut massa,82.12
318,Open-architected,mauris ullamcorper purus sit amet nulla quisque,20.8
491,strategy,lacinia erat vestibulum sed magna at nunc commodo placerat praesent,60.72
6801,web-enabled,odio curabitur convallis duis consequat dui nec nisi volutpat eleifend,63.7
8065,explicit,mus vivamus vestibulum sagittis sapien cum sociis natoque,54.55
4665,Open-architected,duis ac nibh fusce lacus purus aliquet at feugiat,88.44
7559,local area network,ut erat curabitur gravida nisi at nibh,88.78
5885,global,eget elit sodales scelerisque mauris sit amet,60.35
7689,Compatible,magna at nunc commodo placerat praesent blandit,20.47
987,encoding,scelerisque mauris sit amet eros suspendisse,40.77
8368,migration,justo lacinia eget tincidunt eget tempus vel pede,25.91
5217,implementation,nibh ligula nec sem duis aliquam,56.83
1966,tertiary,justo eu massa donec dapibus duis,49.36
9332,Inverse,nullam varius nulla facilisi cras non velit nec nisi vulputate,46.33
1701,transitional,egestas metus aenean fermentum donec ut,92.16
3208,archive,at feugiat non pretium quis lectus,17.22
4799,empowering,iaculis congue vivamus metus arcu adipiscing molestie,49.7
5021,directional,aenean fermentum donec ut mauris eget massa tempor,74.66
9887,Front-line,posuere cubilia curae donec pharetra magna vestibulum aliquet ultrices erat,52.32
398,Configurable,eu massa donec dapibus duis,97.67
9802,array,nullam sit amet turpis elementum ligula vehicula consequat,16.39
2224,orchestration,penatibus et magnis dis parturient montes nascetur,44.02
8139,object-oriented,id consequat in consequat ut nulla sed accumsan felis,83.06
1791,Polarised,amet sapien dignissim vestibulum vestibulum ante ipsum primis in faucibus,97.61
8910,data-warehouse,justo nec condimentum neque sapien placerat ante nulla justo,25.29
2877,adapter,ultrices erat tortor sollicitudin mi,60.95
9149,Monitored,erat quisque erat eros viverra eget congue,10.57
9111,Digitized,sit amet justo morbi ut odio cras mi pede malesuada,89.8
5428,hardware,viverra diam vitae quam suspendisse potenti nullam porttitor lacus,3.18
6397,Expanded,quis augue luctus tincidunt nulla mollis molestie lorem quisque,10.64
9715,Function-based,tincidunt ante vel ipsum praesent blandit lacinia erat vestibulum sed,75.89
7331,knowledge base,ultricies eu nibh quisque id justo sit amet sapien dignissim,28.75
3227,Centralized,suspendisse potenti cras in purus eu magna vulputate luctus cum,82.17
480,Future-proofed,vestibulum velit id pretium iaculis diam erat fermentum justo,91.46
868,3rd generation,gravida sem praesent id massa id nisl venenatis,33.97
269,full-range,quam a odio in hac,52.07
271,local,congue etiam justo etiam pretium,97.59
5257,solution,consequat dui nec nisi volutpat eleifend donec ut dolor morbi,75.52
7006,workforce,viverra diam vitae quam suspendisse potenti nullam,76.11
2938,Diverse,leo rhoncus sed vestibulum sit amet cursus id turpis,11.91
57,scalable,dolor vel est donec odio justo sollicitudin ut suscipit a,97.4
9888,encoding,augue aliquam erat volutpat in congue etiam,42.32
7932,Advanced,maecenas tincidunt lacus at velit,78.0
9390,project,nunc proin at turpis a pede posuere nonummy integer non,3.59
7247,exuding,viverra eget congue eget semper rutrum nulla nunc purus phasellus,39.28
511,user-facing,luctus et ultrices posuere cubilia curae nulla,36.49
2229,3rd generation,felis eu sapien cursus vestibulum proin eu mi nulla ac,4.19
9782,upward-trending,turpis adipiscing lorem vitae mattis nibh ligula nec,16.95
4906,value-added,orci luctus et ultrices posuere cubilia curae mauris viverra,16.19
6984,matrix,non interdum in ante vestibulum ante ipsum primis in,29.71
6181,workforce,integer a nibh in quis justo maecenas rhoncus,56.46
6165,object-oriented,magna vestibulum aliquet ultrices erat tortor sollicitudin,98.78
7378,Face to face,et commodo vulputate justo in blandit ultrices,56.95
8391,national,vel enim sit amet nunc viverra dapibus nulla suscipit,25.8
4191,Focused,orci nullam molestie nibh in lectus,87.09
7582,Front-line,fermentum justo nec condimentum neque sapien placerat,7.53
8921,Synergistic,quisque arcu libero rutrum ac lobortis vel dapibus at diam,45.01
7380,asynchronous,magna at nunc commodo placerat praesent blandit nam,90.2
8193,Grass-roots,ut rhoncus aliquet pulvinar sed nisl nunc rhoncus,17.3
1563,Customizable,lorem quisque ut erat curabitur,16.65
3063,non-volatile,porttitor pede justo eu massa donec dapibus,91.05
6372,open system,imperdiet et commodo vulputate justo in blandit ultrices enim,74.77
5481,3rd generation,mi nulla ac enim in tempor turpis nec euismod,57.15
2231,capability,blandit non interdum in ante vestibulum,72.45
6226,Multi-layered,lorem id ligula suspendisse ornare consequat lectus,94.37
2886,Upgradable,nibh in quis justo maecenas rhoncus aliquam lacus morbi quis,62.24
8480,functionalities,pharetra magna vestibulum aliquet ultrices erat,16.45
3143,demand-driven,integer tincidunt ante vel ipsum praesent blandit lacinia erat vestibulum,39.66
4643,Programmable,neque vestibulum eget vulputate ut ultrices vel augue vestibulum,67.78
7620,Graphic Interface,in blandit ultrices enim lorem ipsum dolor,64.16
2455,task-force,vestibulum ante ipsum primis in faucibus orci luctus et ultrices,32.86
1239,Ameliorated,lorem ipsum dolor sit amet consectetuer,51.02
9515,Object-based,at nulla suspendisse potenti cras in purus,5.96
1477,Organic,id consequat in consequat ut nulla sed accumsan felis ut,6.86
1845,hierarchy,venenatis tristique fusce congue diam id ornare imperdiet sapien,51.67
1202,Graphical User Interface,tellus in sagittis dui vel,67.92
5884,Persevering,magna vestibulum aliquet ultrices erat tortor sollicitudin mi,64.95
2856,local area network,erat tortor sollicitudin mi sit amet lobortis sapien sapien,6.65
4975,Up-sized,diam in magna bibendum imperdiet nullam orci pede venenatis non,68.91
5322,neutral,vulputate ut ultrices vel augue vestibulum ante ipsum primis,89.79
6420,Programmable,velit eu est congue elementum in,6.5
1194,bifurcated,curabitur at ipsum ac tellus semper interdum,76.14
9246,intangible,quis orci nullam molestie nibh,91.87
743,Phased,habitasse platea dictumst morbi vestibulum velit id pretium,75.52
6944,Team-oriented,id ligula suspendisse ornare consequat lectus in est risus,42.28
1793,Reactive,id lobortis convallis tortor risus dapibus augue,86.13
6219,Customizable,nulla ultrices aliquet maecenas leo odio condimentum,36.15
7484,Future-proofed,praesent blandit lacinia erat vestibulum sed magna,12.64
2799,Assimilated,diam vitae quam suspendisse potenti,31.86
3180,ability,natoque penatibus et magnis dis parturient montes nascetur ridiculus,60.78
6767,success,leo pellentesque ultrices mattis odio donec vitae nisi,91.76
2186,hierarchy,nonummy maecenas tincidunt lacus at velit vivamus,78.24
933,tertiary,justo eu massa donec dapibus duis at velit eu,17.65
9166,Ameliorated,nulla tempus vivamus in felis,48.47
3326,Operative,curabitur gravida nisi at nibh in hac habitasse,44.91
1971,even-keeled,lorem ipsum dolor sit amet,66.4
3902,customer loyalty,lectus in quam fringilla rhoncus mauris,18.08
8015,Innovative,volutpat quam pede lobortis ligula sit amet,52.6
