Restaurant Name,Tax ID,manager name
Yodel Foods,7844,Isacco Beedon
Skyble Foods,5309,Johnnie Kernan
Yacero Foods,1588,Talyah Calltone
Thoughtmix Foods,5543,Yolande Killock
Myworks Foods,7785,Gwendolyn Ventham
Youspan Foods,8719,Chic Madgwich
Tazz Foods,7302,Daniele Phettis
Gevee Foods,7746,Lara Lidgely
Tazz Foods,8487,Kenna Bottinelli
Skyvu Foods,9903,Cordy Chasney
Wordify Foods,6700,Leesa Redmain
Kazu Foods,9234,Jarrid Schule
Abata Foods,9585,Hiram Fincke
Blognation Foods,3805,Andee Durrand
Mybuzz Foods,8188,Eimile Riggey
Mymm Foods,5812,Henrik McOnie
Tanoodle Foods,1668,Tiffie Rappaport
Voomm Foods,1855,Thorin Cardow
Twitterwire Foods,6365,Roseanne Shipston
Quaxo Foods,6242,Rod Picken
Dabshots Foods,829,Ninnetta Smewings
Jayo Foods,1658,Linnet Grahlmans
Skippad Foods,7678,Kinnie Bengtson
Dynava Foods,992,Dru Bruna
Fivebridge Foods,2104,Ava Stockman
Realcube Foods,9950,Rance Nand
Rhynoodle Foods,4507,Silvana Pinsent
Jetpulse Foods,1797,Bret Fley
Izio Foods,7006,Gabie Leathem
Blogspan Foods,2329,Christy Learman
Vipe Foods,4000,Dorothy Dablin
Tagchat Foods,6751,Evonne Shurmore
Buzzster Foods,6100,Livvy Birkinshaw
Katz Foods,7155,Gabriel Hateley
Feedmix Foods,9261,Neila Guinness
Centimia Foods,4125,Dieter Dorning
Photobug Foods,3336,Tam Shere
Rooxo Foods,6683,Carlee Huggan
Blogspan Foods,9443,Jerrine Angrock
Gevee Foods,529,Kittie MacAllan
Katz Foods,7128,Wyatan Simpole
Quamba Foods,2451,Wynn Ebbutt
Zazio Foods,8307,Herrick Records
Oyoba Foods,1208,Lincoln Utridge
Feedmix Foods,4561,Aurore Dreus
Gabtype Foods,9602,Svend Willshire
InnoZ Foods,1576,Sanders Drover
Voolith Foods,1078,Louella Jirik
Eare Foods,5240,Marilyn Perillio
Tanoodle Foods,7983,Moses Tangye
Oyonder Foods,6319,Penn Fishbourn
Lazzy Foods,8184,Giraud Bradforth
Rhynyx Foods,8546,Moria Westpfel
Eimbee Foods,7620,Haywood Ambrogi
Mudo Foods,9072,Sarine Crighten
Quatz Foods,9560,Beatriz Bondesen
Dazzlesphere Foods,7611,Julissa Philliskirk
Flashdog Foods,8588,Millisent Benettelli
Gabvine Foods,5876,Angele enzley
Livepath Foods,300,Debby Paty
Skyba Foods,2324,Tabbie Segrott
Jabbercube Foods,1097,Tricia Nethercott
Yozio Foods,5618,Catarina Yuryaev
Zoombox Foods,1245,Fleming Hyde
Gabcube Foods,9496,Evita Boater
Linkbuzz Foods,9084,Matilda Brugsma
Tanoodle Foods,7992,Delano Drewes
Digitube Foods,628,Corilla Lindholm
Oyoyo Foods,6018,Leeann Gerhts
Photospace Foods,5668,Rebekah Jefferson
Yotz Foods,6463,Emili Burd
Eidel Foods,2561,Mohandis Twitchett
Kwideo Foods,5412,Marjie Pittwood
Buzzster Foods,4396,Noni Offener
Fatz Foods,6469,Clyve Pierton
Fivechat Foods,2580,Marion Husthwaite
Meembee Foods,1899,Garreth McAree
Topiclounge Foods,6367,Arabel McElane
Skiba Foods,8979,Cristy McGilben
Jaxnation Foods,6393,Joy Gapper
Buzzdog Foods,6400,Wilone Prandin
Vinte Foods,2070,Miles Antognetti
Dabjam Foods,7753,Tab Schurig
JumpXS Foods,7352,Justin Falkous
Nlounge Foods,8956,Lishe Condell
Podcat Foods,7004,Martita Rookledge
Thoughtmix Foods,6214,Codie Lamberti
Livetube Foods,1208,Bay Spinetti
Voomm Foods,6922,Fayina Annell
Einti Foods,514,Flint Nassau
Zoomzone Foods,5987,Juliette Reichhardt
Kazu Foods,8356,Clementia Bransom
Kwimbee Foods,8698,Deb Jocic
Realcube Foods,7779,Ree Castleman
LiveZ Foods,8667,Alexine Baudain
Dynabox Foods,2529,Delmer Codron
Brainverse Foods,6498,Rogers Jean
Rhyzio Foods,6082,Tull Bisseker
Flashpoint Foods,8042,Richmond Klimek
Izio Foods,9211,Daphna Forestall
Yadel Foods,6879,Alex Twiggins
Zooveo Foods,8829,Eugenius Klimkiewich
Shufflester Foods,2327,Gare Laterza
Midel Foods,1432,Morty Tenniswood
Quaxo Foods,3761,Ginevra Strain
DabZ Foods,8590,Wallis Vidgen
Shufflester Foods,1625,Florence Risebrow
Linkbridge Foods,5106,Leonidas Reuben
Thoughtstorm Foods,7613,Saundra Seldner
Meejo Foods,7277,Rosalie Otteridge
Flipstorm Foods,3424,Constantine Coggon
Gabspot Foods,3707,Lena Moffat
Omba Foods,300,Latia Haythorne
Quaxo Foods,7926,Rudolph Maes
Mydo Foods,8166,Gregg Aylwin
Flashspan Foods,3675,Morey Grigorey
Edgeclub Foods,9585,Aurie Le Teve
Buzzdog Foods,9924,Lukas Lamasna
Brainverse Foods,162,Ofelia McGee
Plambee Foods,4544,Alex Arnoud
Yodel Foods,9205,Rivy Cahalan
Voonyx Foods,6240,Joe Waud
Quatz Foods,1520,Anne-marie Gore
Wikizz Foods,5514,Skipton Buxcy
Leexo Foods,566,Clementine Oglevie
Talane Foods,9484,Rosalinde Bradden
Edgewire Foods,9279,Wilt Stanbro
Fivechat Foods,7161,Loralyn Varcoe
Rhybox Foods,7465,Marji Cattell
Feednation Foods,3453,Sheba Bussey
Realbuzz Foods,3848,Darice Allen
Jaxspan Foods,5019,Rosalyn Schoular
Quamba Foods,4557,Tressa Abbiss
Youbridge Foods,5700,Batsheva Stubley
Feedbug Foods,2063,Ransom Jeannel
Browsebug Foods,1370,Kellen Ethelston
Wordware Foods,4400,Rafaellle Shepcutt
Zoomzone Foods,4468,Colin Drabble
Muxo Foods,5336,Mortimer Ciobotaru
Yakitri Foods,8111,Liane Lalor
Topdrive Foods,2302,Ayn Whiley
Eayo Foods,2346,Emmanuel Labrenz
Skidoo Foods,8123,Ellette Cammis
Jabbertype Foods,6164,Wright Maggiore
Geba Foods,5205,Ealasaid Roache
Realcube Foods,4501,Mignonne Hendrickx
InnoZ Foods,4605,Walsh Korba
Quaxo Foods,9703,Frants Yarr
Twinder Foods,5695,Merwyn Inglesant
Zava Foods,1980,Korey Marini
Browsetype Foods,140,Boycie Fonteyne
Gigabox Foods,7143,Reinwald Gennings
Gabspot Foods,9832,Bennett Sukbhans
Dynava Foods,9122,Genvieve Goublier
Skynoodle Foods,2247,Erin Handrek
Voomm Foods,1351,Benny Goulding
Photobug Foods,3937,Louisette Emmines
Thoughtsphere Foods,4430,Lanae Herrema
Youfeed Foods,6445,Karel Gierardi
Dabfeed Foods,9465,Gregorius Kermath
Mydeo Foods,9094,Kamillah Scriven
Tekfly Foods,7431,Starr Bambrough
Riffpath Foods,6437,Gaspar Baulk
Tazz Foods,8777,Micah Shaplin
Skyble Foods,8744,Willi Ofield
Meevee Foods,6501,Neddie Vaggs
Layo Foods,9269,Jenine Lohde
Rhybox Foods,5258,Hermine Moors
Babblestorm Foods,766,Jeanette Corkish
Abatz Foods,2183,Bernardine Flaverty
Rhycero Foods,3075,Prisca Barbier
Oloo Foods,2875,Melva Triplet
Pixope Foods,803,Osbourne Train
Thoughtbeat Foods,6399,Viv Malim
Meemm Foods,5002,Zorine Frodsham
Flipstorm Foods,1163,Corbin Cordero
Gabcube Foods,6975,Gilberte Bazley
Edgetag Foods,9428,Skylar Lindbergh
Skivee Foods,5560,Doe Golbourn
Trudoo Foods,4603,Erny Hurleston
Vitz Foods,8009,Francklyn Juster
Edgeblab Foods,8991,Garik Plant
Blogpad Foods,6890,Minni Pankhurst.
Agivu Foods,7636,Althea Dumblton
Fivechat Foods,1790,Penelope Leatt
Chatterbridge Foods,1763,Aloisia Mollon
Skynoodle Foods,9052,Barry Fitchell
Topiczoom Foods,6929,Jody McCreery
Zoombeat Foods,6497,Evyn Lillicrap
Jaxworks Foods,4532,Iorgo Devil
Jabbersphere Foods,1665,Barb Mewis
Tavu Foods,8719,Crawford Souley
Dazzlesphere Foods,5119,Prentice Isitt
Linkbridge Foods,7807,Alleyn Cheese
Meevee Foods,9607,Feliza Adame
Eidel Foods,5658,Maribeth Tupie
Skidoo Foods,9705,Marni Cinelli
Youbridge Foods,5757,Fallon Milner
Mydeo Foods,3898,Lucky Kase
Myworks Foods,2952,Theresina Kenson
Yacero Foods,1562,Minor Hyde
Oyonder Foods,2039,Ainslee Sasser
Oyoba Foods,6677,Willa Chrismas
Brainbox Foods,5023,Kristofer Brockherst
Chatterpoint Foods,3410,Caitrin Spancock
Agivu Foods,1959,Hebert Geldard
Topicstorm Foods,8494,Euell Videneev
Thoughtstorm Foods,2712,Augusto Ayer
Devify Foods,7974,Estevan MacParlan
Yodo Foods,1850,Finlay Cowup
Leenti Foods,5646,Miguel Romand
Eimbee Foods,8036,Dionisio Aspinell
Gigashots Foods,2860,Ramsey Goose
Zoomlounge Foods,379,Tobin Siveter
Wikibox Foods,4217,Dur Smallacombe
Thoughtworks Foods,5817,Grover Lammie
Topicstorm Foods,7942,Jesse Skippings
Tagopia Foods,7319,Etti Missenden
Oloo Foods,5703,Eddie Domel
Flashspan Foods,4305,Hortense Lydiatt
Aimbo Foods,9244,Gal Webben
Skimia Foods,7535,Lockwood Spavon
Skyba Foods,8653,Iseabal Forsythe
Camido Foods,2750,Kinny Ascraft
Vinte Foods,1710,Gearalt Hutley
Babbleopia Foods,9446,Yorgos Ousby
Zoombeat Foods,6072,Lorianne Kirkpatrick
Thoughtmix Foods,3110,Sybilla Baltrushaitis
Flipbug Foods,867,Gigi Slogrove
Quimm Foods,6675,Hew Meachem
Yamia Foods,6225,Maximo Dubose
Twitterlist Foods,5485,Matthaeus Frudd
Geba Foods,8549,Correy Plumridege
Flipbug Foods,1883,Katlin De Atta
Realbuzz Foods,4308,Lani MacLaren
Skippad Foods,8334,Garrot Staton
Mycat Foods,501,Gaelan Farnin
Babbleopia Foods,7186,Hedwig Gibbett
Eazzy Foods,3878,Elsinore Duke
Thoughtsphere Foods,5179,Filia Robroe
Fivebridge Foods,5376,Grace Burdus
Photojam Foods,6523,Allene O'Luney
Jabbercube Foods,4029,Benedicto Gainseford
Skalith Foods,4479,Tommie Caverhill
Aimbu Foods,1603,Mira Glashby
Fiveclub Foods,7087,Pia Goulthorp
Edgeblab Foods,4733,Putnem Weiss
Skyba Foods,3165,Rollo Phebey
Flashdog Foods,5185,Aaren Hawkslee
Aivee Foods,3652,Edsel Whodcoat
Skyvu Foods,1187,Ozzie Larmet
Blogpad Foods,9494,Aarika Bover
Flipstorm Foods,8733,Sashenka Jehaes
Tagpad Foods,3389,Benni Dowsing
Fivebridge Foods,8257,Nelle Fere
Realpoint Foods,1771,Bobby Steven
Quatz Foods,9801,Norbert Sopp
Buzzster Foods,7769,Anna Manske
Blogtags Foods,6806,Stillman Huton
Ozu Foods,9551,Spenser Dolphin
Skilith Foods,2555,Cassius Ruit
Skyvu Foods,1639,Waverly Roblin
Mymm Foods,4686,Amelina Felix
Livetube Foods,8284,Jacquenette Jennens
Quimba Foods,8056,Parker Harcase
Zava Foods,5521,Lil Williscroft
Layo Foods,2429,Maegan Grindrod
Jaxbean Foods,8965,Selie Maggs
Blogpad Foods,6496,Dianemarie Ruilton
Oyoba Foods,7244,Addy Paszak
Meezzy Foods,5548,Andie Bundey
Edgeclub Foods,3549,Clio Bushell
Dablist Foods,4334,Winslow Redfern
Topicblab Foods,1666,Alicea Lowerson
Oba Foods,8254,Willamina Lukash
Zooveo Foods,7006,Saxon Pfaffe
Thoughtstorm Foods,3862,Rora Petracchi
Gigaclub Foods,6529,Esta Capaldi
Twitterlist Foods,1121,Dara Burrage
Teklist Foods,3186,Joeann Penfold
Jabbercube Foods,9788,Nero Kemwall
Blogtags Foods,1778,Diahann Bloan
Riffpedia Foods,2500,Prent Zaniolo
Skipstorm Foods,6861,Gilda Ilyin
Ntags Foods,1289,Malchy Blanden
Jaxnation Foods,4736,Doug Oldford
Teklist Foods,5391,Hazlett Slocomb
Demimbu Foods,3053,Griffie Fransoni
Kwinu Foods,3498,Myrtie Pothecary
Vidoo Foods,8395,Graeme Broadstock
Zoombeat Foods,6064,Ammamaria Stiegers
Fadeo Foods,7799,Wilone Northfield
Meeveo Foods,8853,Mira Winterbourne
Jayo Foods,7031,Jessee Gladeche
Quamba Foods,296,Freddy Rohlf
Trilith Foods,406,Vincent Mottley
Jayo Foods,1660,Janey Revans
Jatri Foods,4259,Bethanne Woods
Shuffletag Foods,9567,Cathie Denison
Jabbersphere Foods,5414,Kingsly Pruvost
Skyble Foods,4927,Dorette Winfindale
Riffpedia Foods,725,Rory Crevy
Ozu Foods,7399,Natalya Vollam
Rhycero Foods,2730,Georgi Gehrts
Meejo Foods,6090,Ada McCarlie
Youfeed Foods,560,Kile Busson
Dynava Foods,8940,Ravid Howel
Meevee Foods,2925,Melloney Donaghy
Kazu Foods,753,Ole Bugbird
Minyx Foods,9688,Orson Kall
Wikizz Foods,7094,Howie Frick
Wikido Foods,7971,Carmina Anetts
Dabvine Foods,8250,Arleta Lockett
Centimia Foods,3908,Aksel Chillistone
Devbug Foods,4592,Lucien Castanho
Thoughtstorm Foods,5837,Fairleigh Van Velden
Lazz Foods,510,Kiley Forseith
Centizu Foods,6811,Madelyn Rushmer
Dynava Foods,5044,Bridget Peyzer
Mycat Foods,5845,Meaghan Masedon
Thoughtworks Foods,2736,Madlen Atcock
Wordtune Foods,6910,Thalia Thornham
Photofeed Foods,683,Haywood Flowerden
Livetube Foods,7689,Trixie Ure
Zoomcast Foods,1464,Agustin Prestidge
Topicshots Foods,954,Lacey Alderman
Zoomcast Foods,7773,Alejandra Pude
Yodel Foods,4042,Robinetta Uebel
Buzzster Foods,3804,Klemens Brandenberg
Trunyx Foods,415,Corrie Cowie
Meemm Foods,8775,Heath Withrop
Quimm Foods,2278,Lothaire Urian
DabZ Foods,9088,Shamus Julyan
Bluezoom Foods,6251,Shannan Conklin
Ntag Foods,2114,Sigismund Maudling
Wordware Foods,7986,Hewett Keble
Jaxspan Foods,4710,Kendell Michelin
Flipstorm Foods,655,Ive Sego
Ainyx Foods,5980,Christie Ace
Skyndu Foods,2692,Lilas Vinson
Quinu Foods,5319,Fran Daley
Vitz Foods,4393,Sean Thurling
Twitterbridge Foods,5966,Osmund Clampin
Topicshots Foods,357,Nikolos Rohlf
Aimbu Foods,5705,Marten Weinberg
Jatri Foods,1281,Birgit Durnill
DabZ Foods,8048,Webster Malins
Fliptune Foods,207,Aylmar Peggs
Skyvu Foods,3690,Ansell Yglesia
Twitterbeat Foods,7749,Valli Raphael
Twitterbridge Foods,1492,Lincoln Duckworth
Plajo Foods,534,Karita Rasp
Feedspan Foods,4552,Ailene Hubach
Youfeed Foods,6076,Nara Bichard
Brainverse Foods,7544,Kirby Toppes
Gabcube Foods,9877,Fred Mitie
Npath Foods,6615,Ana Simkovich
Topiclounge Foods,8133,Marsha Splain
Fadeo Foods,7334,Alida Pickthorne
Viva Foods,4155,Bethanne Grigolashvill
Wordtune Foods,754,Ebony Gierck
Demivee Foods,1083,Dennis Garvagh
Oyonder Foods,5233,Dudley McElory
Lajo Foods,4038,Timothee Matasov
Eidel Foods,9978,Anjanette Gatheral
Yodel Foods,6829,Bibbye Eberdt
Abatz Foods,5841,Marlo Viste
Twitterworks Foods,4502,Deena Boorne
Zoozzy Foods,2188,Roseanne Austick
BlogXS Foods,6641,Horatio Benedito
Tanoodle Foods,8898,Babara Turri
Flipbug Foods,4920,Meredith Cristou
Quire Foods,5178,Kennith Scoone
Kazu Foods,5060,Gabe Snowdon
Tagcat Foods,6636,Sam MacKall
Aimbo Foods,2736,Felipa Pendry
Edgepulse Foods,2002,Ulrica Szymoni
Minyx Foods,249,Kaitlyn Di Ruggiero
Ntags Foods,1832,Roseann Stanton
Flipopia Foods,9363,Justinn Scardefield
Eimbee Foods,5537,Edsel Bottoner
Tagopia Foods,8970,Ileana Faucett
Thoughtsphere Foods,3767,Freddy Semmence
Devcast Foods,7100,Lexis Idell
Cogidoo Foods,8074,Arlyne Allflatt
Vitz Foods,2009,Jarrid Canaan
Twiyo Foods,8027,Cassondra Gwinnel
Ntags Foods,7218,Brit Chomicki
Yakidoo Foods,2676,Malorie Marunchak
Jabbersphere Foods,4063,Alexandra Clappson
Vitz Foods,4845,Curtice Murcott
Quamba Foods,8230,David Chater
Tanoodle Foods,8895,Lenee Boote
Fanoodle Foods,7554,Gratia Sloyan
Topicshots Foods,336,Chloe Triggs
Jaloo Foods,2062,Tab Hunt
Divape Foods,458,Ileane Juszczak
Bubbletube Foods,5142,Augusta Dadge
Vinder Foods,6234,Susie O'Callaghan
Gigaclub Foods,773,Dominica Pien
Blogtag Foods,374,Guillemette Doody
Realmix Foods,1028,Horton Seggie
Dynabox Foods,2430,Vida Juschke
Voomm Foods,4606,Nerissa Emlen
Einti Foods,9518,Camey Cadell
Linktype Foods,2832,Giorgia Swinnerton
Skipstorm Foods,1939,Thebault Leat
Cogidoo Foods,170,Lenci Kleinsmuntz
Flipstorm Foods,3122,Estelle Mapletoft
Jayo Foods,8325,Alfredo Krol
Jaxworks Foods,2522,Karly Skep
Wikido Foods,9270,Piper Tiddy
Jaxworks Foods,6870,Verina Mustard
Shufflester Foods,3913,Burke Piddocke
Tavu Foods,5315,Othilie Mounsie
Yodoo Foods,1156,Jamaal Bassil
Skiba Foods,1069,Ashlin Peracco
Ainyx Foods,9895,Rogerio Sandes
Flashspan Foods,9651,Erwin Crispe
Blognation Foods,6335,Travis MacAscaidh
Skyvu Foods,7344,Patricio Dmitrovic
Livetube Foods,3987,Noe Scadden
Kwilith Foods,9562,Charlotta Lawlings
Quatz Foods,471,Monty Kalisch
Oyoloo Foods,3461,Andrea MacAree
Chatterpoint Foods,2117,Esmeralda Murtagh
Omba Foods,2073,Nickie Weeds
Flashspan Foods,7953,Elayne Finlason
Devpulse Foods,3583,Peg Fipp
Zoombeat Foods,4711,Vasilis Pitceathly
Bluejam Foods,7533,Heloise Gounod
Centimia Foods,1164,Tanney Hammersley
Oyoba Foods,5035,Byram Hadwick
Linkbridge Foods,9837,Brigham O'Fihillie
Zooxo Foods,9106,Myer Codi
Wikizz Foods,388,Rosemaria Thorald
Centidel Foods,4555,Magdaia Beldam
Brainbox Foods,8004,Ronnie Algie
Voomm Foods,2517,Lauryn Eyes
Camido Foods,6237,Elroy Meekin
Skyvu Foods,1197,Audie Guiu
Oodoo Foods,4241,Langsdon Learmond
Wikido Foods,5758,Obidiah Curragh
Avamm Foods,5541,Jillana Brosenius
Vipe Foods,6083,Gayla Blazic
Gabspot Foods,5196,Adriaens Mennithorp
Yoveo Foods,2242,Virgilio Pay
Cogilith Foods,4366,Nelly Melonby
Shuffledrive Foods,4137,Lynnelle Weathers
Camimbo Foods,3808,Codi Windle
Kayveo Foods,7025,Adel Fincham
Realpoint Foods,8874,Waldon Ridder
Ooba Foods,6117,Bradly Choat
Feedfish Foods,4758,Nikolas Wildash
Tavu Foods,9366,Gilbert MacInherney
Thoughtstorm Foods,4144,Leone Ringwood
Twimbo Foods,4791,Thia Wrathall
Katz Foods,1947,Broddy Pachta
Oyondu Foods,6808,Sauncho Lello
Roomm Foods,824,Dorian Cashell
Browsedrive Foods,8654,Gerhardt Bugge
Devshare Foods,5550,Scottie Cuthill
Dazzlesphere Foods,9648,Booth Burgon
Brainsphere Foods,2618,Calv Skews
LiveZ Foods,3015,Dillie Alphege
Riffpath Foods,9513,Alethea Fairnington
Einti Foods,4899,Abraham Brigham
Rhynyx Foods,9779,Berrie McInility
Divape Foods,3151,Husein Huntar
Photobug Foods,4946,Georgiana Standing
Skyndu Foods,7486,Si Brockett
Innojam Foods,5137,Bernadina Edland
Yodel Foods,9141,Odelle Bramo
Kayveo Foods,4467,Jamesy Hrinchenko
Viva Foods,8525,Liuka Martina
Yakitri Foods,2724,Imelda Ceyssen
Omba Foods,3761,Hunter Pettifer
Skyble Foods,2425,Vivi Stirland
Vinte Foods,6040,Hillie Skittle
Edgetag Foods,7750,Arleen Paull
Quimm Foods,6421,Elaina Yakuntzov
Zoozzy Foods,8589,Stan Trood
Feedfire Foods,1610,Hal Boggers
DabZ Foods,4763,Anjela Maddin
Yombu Foods,219,Ainslee Jahner
Innojam Foods,6593,Theresa Stroobant
Agimba Foods,8692,Sabine Booley
Rhycero Foods,6871,Arlie Kelsell
Rhycero Foods,1443,Brittaney Knottley
Babbleopia Foods,9564,Kiley Gillson
Linkbuzz Foods,3389,Aleda Bembrigg
Fivebridge Foods,1734,Laverne Roisen
Dabvine Foods,3255,Renard Blair
Eazzy Foods,4523,Ruy Dykas
Tavu Foods,4627,Linnea Pinckard
Centizu Foods,6150,Korry Tramel
Flashpoint Foods,4119,Jordain Wormstone
Meembee Foods,1793,Andree Mullen
Gabtune Foods,3850,Margarethe Kick
Skalith Foods,4297,Aurelea Beretta
Buzzbean Foods,9964,Hort Lias
Plambee Foods,105,Fraser Kingsford
Ozu Foods,2875,Cherice Dunning
Devify Foods,6323,Simone MacDirmid
Cogidoo Foods,5333,Ariel Pickavant
Aibox Foods,8534,Drusi Vaughten
Camido Foods,5645,Abrahan Grange
Yakidoo Foods,2696,Caro Langthorne
Babbleset Foods,5409,Olympe Waplington
Chatterpoint Foods,4763,Sybyl Chipchase
Eidel Foods,8408,Rutger Boness
Trilia Foods,2680,Abe Emons
Abatz Foods,5466,Verine Stillert
Oyoba Foods,2240,Mara Fleeman
Yakidoo Foods,1068,Monty Papes
Voomm Foods,624,Bronnie Witling
Skipstorm Foods,686,Binni Artist
Podcat Foods,8421,Suzann Haxley
Katz Foods,5300,Fran Clackson
Skajo Foods,5156,Leeanne Gunther
Voolith Foods,6391,Cristabel Birkhead
Kwilith Foods,5342,Drusilla Kybert
Flashdog Foods,4245,Charin Jain
Jamia Foods,5851,Stevy Matoshin
Linkbuzz Foods,8525,Lee Runnett
Topiczoom Foods,9677,Henrieta Franzolini
Tagchat Foods,8847,Niki Barrar
Jabbersphere Foods,7210,Sidonia Cahalin
Shuffletag Foods,9849,Junina Jobling
Innojam Foods,9339,Giusto Aleksankov
Realfire Foods,5838,Coleman Abrahamovitz
Topiczoom Foods,518,Tye Branigan
Demizz Foods,6949,Dacia Devall
Skalith Foods,3225,Kacey Bellini
Jatri Foods,5129,Othelia Faich
Topiczoom Foods,8853,Sheff Podmore
Tagcat Foods,6207,Candide Vassie
Yozio Foods,4191,Gelya Edmonds
Skynoodle Foods,7793,Costa Lilian
Camimbo Foods,9962,Tann Gyde
Yadel Foods,2573,Stillman Hodgen
Youopia Foods,7341,Hermy Ventris
Yodo Foods,3001,Brigitta Napoli
Teklist Foods,839,Honey Burgane
Zoonder Foods,9201,Pammie Karolovsky
Trudeo Foods,3855,Charis Brierton
Yata Foods,8927,Mortie Sawer
Jaxbean Foods,9075,Pepi Naulty
Gabvine Foods,5070,Eberto Rotherforth
DabZ Foods,9645,Fred Johanchon
Edgewire Foods,2429,Lemmie Keiling
Jazzy Foods,8897,Kristopher Mifflin
Trudoo Foods,1148,Aggi De Gowe
LiveZ Foods,3725,Bern Went
Oyondu Foods,7061,Booth Ruselin
Flashset Foods,8101,Reynard Harries
Wordpedia Foods,5232,Jackquelin Novotni
Voolith Foods,2209,Adrian Minchin
Jaxspan Foods,6575,Prince Fetteplace
Wikivu Foods,9300,Lettie Oslar
Jaxnation Foods,915,Maurine Croucher
Blogpad Foods,4970,Darla Ludovici
Quatz Foods,8815,Marylinda Hurdis
Photobean Foods,8820,Elna Polkinghorne
Dynabox Foods,9371,Mordy Siggin
Demivee Foods,2737,Bowie Pottberry
Vidoo Foods,7729,Danila Schulter
Quatz Foods,7814,Davide Vokes
Gigabox Foods,5195,Clayson Piddlesden
Oyoloo Foods,9173,Sissy Roma
Quinu Foods,8583,Kellby Greenwood
Ainyx Foods,7929,Dulciana Surcomb
Camimbo Foods,4028,Boone Lanbertoni
Eidel Foods,5538,Bambie Scobbie
Flipbug Foods,6808,Sibel Oldrey
Thoughtblab Foods,1860,Antoni Raoult
Edgewire Foods,704,Gard Lineham
Camido Foods,9859,Krystalle Appleyard
JumpXS Foods,2377,Meghan Budgett
Npath Foods,5301,Quentin Coppins
Twinte Foods,7660,Chico Saddington
Yabox Foods,1319,Monte Ryde
Dynazzy Foods,4466,Stesha Bullcock
Geba Foods,6470,Torry Deddum
Omba Foods,2805,Winnifred Guerrin
Blogtags Foods,9406,Lesley Gymlett
Buzzbean Foods,3981,Catherine Cummungs
Jetpulse Foods,8904,Nelson Abdon
Centimia Foods,7470,Tory Quinnelly
Avaveo Foods,2925,Jobi Joselovitch
Realblab Foods,6161,Meryl Bewshire
Feedfish Foods,4441,Lulita Shapero
Gigashots Foods,2453,Chaunce Raun
Rhycero Foods,5097,Gustavus Smeal
Meezzy Foods,6344,Muffin Stollberger
Kwideo Foods,8587,Kalvin Kunzler
Oyoba Foods,699,Chrysler Poley
Roomm Foods,9310,Marwin Ference
Tanoodle Foods,4081,Annamarie Yourell
Tagfeed Foods,7806,Nicolais Syrett
Wikivu Foods,8715,Liva Rowen
Mydo Foods,9485,Marcos Cartman
Babbleset Foods,2994,Marsh Amberg
Roomm Foods,9244,Buddy Asty
Browsebug Foods,8632,Edgard Posselow
Digitube Foods,9703,Latia Semon
Gabspot Foods,8451,Debor Rowlatt
Izio Foods,2620,Sam Gunderson
Twiyo Foods,1761,Bethany De Witt
Meeveo Foods,3351,Hedwiga Grainge
Linklinks Foods,9784,Liliane Ussher
Oozz Foods,1557,Constancy Moubray
Jaxspan Foods,4839,Brewer Desporte
Brightdog Foods,2569,Klarrisa Peasegood
Riffpedia Foods,3799,Marnia Dreghorn
Jetpulse Foods,4926,Joya Henner
Oyonder Foods,395,Pascal Jandel
InnoZ Foods,9876,Eadmund Kernan
Zava Foods,2679,Casie Bichard
Leenti Foods,580,Berk Sussams
Snaptags Foods,6267,Farly Ruddock
Voolia Foods,4094,Rolfe Fullwood
Babbleopia Foods,6714,Konstantine Larcombe
Pixoboo Foods,5969,Gilligan Cristofori
Flipbug Foods,684,Meggie Braycotton
Babbleblab Foods,520,Nanice Bineham
Flipbug Foods,2154,Christyna Garwood
Dynabox Foods,5037,Jasen Glastonbury
Geba Foods,3147,Brigitte Simpkin
Trunyx Foods,3980,Kimmi Pinchbeck
Aibox Foods,9933,Kinsley Gooding
Photolist Foods,9682,Pascale Dumbleton
Katz Foods,2517,Fionna Prestedge
Fivechat Foods,9617,Tish Pinks
Ooba Foods,3898,Isaiah Coward
Livetube Foods,6537,Kattie Dannehl
Oyoba Foods,7430,Madelin Franc
Zooveo Foods,1205,Ty Blackaller
Avavee Foods,3391,Marty Bassilashvili
Riffpath Foods,154,Nevile Adshed
Lazzy Foods,8874,Mendel Lamperti
Pixoboo Foods,6574,Boycie Dumbrall
Roomm Foods,5676,Philippine Penhalewick
Mycat Foods,9796,Ellynn Frye
Realcube Foods,8629,Isaiah Calven
Jetpulse Foods,9133,Kiley Heatlie
Oyoloo Foods,726,Wallis Hallex
Buzzshare Foods,4867,Marieann Pulster
Yabox Foods,8204,Packston Baldazzi
Fanoodle Foods,4073,Sheena Barkway
Tagopia Foods,3714,Diena Filby
Riffwire Foods,536,Sam Winslet
Einti Foods,8533,Margaretta Orton
Trudeo Foods,6517,Appolonia Weymouth
Plambee Foods,6049,Blisse Crowther
Trunyx Foods,4490,Sherm Quogan
Jabbersphere Foods,927,Dianne Happer
Riffpedia Foods,2672,Vittoria Fyldes
Jayo Foods,2940,Benjamen Billings
Centidel Foods,7270,Mar Soppitt
Devpulse Foods,5292,Barth Gillio
Skipfire Foods,9107,Hunt Ionesco
Divape Foods,7808,Mufinella Morfey
Realpoint Foods,3862,Wildon Jefferd
Bluejam Foods,8518,Olympe Ipsly
Dabfeed Foods,9964,Nevil Rizzetti
Rhyzio Foods,228,Mignon Exon
Kwimbee Foods,5824,Ynez Panter
Mydo Foods,9728,Roxie Buxcey
Agimba Foods,5538,Lena Flower
Janyx Foods,1739,Neil O'Day
Quire Foods,4280,Delcina Shwenn
Realblab Foods,7755,Conchita Rochewell
Vinte Foods,9629,Nicol Bernetti
Jabberstorm Foods,216,Leann Snow
Skynoodle Foods,7320,Trula Konmann
Meetz Foods,7312,Manny Gurley
Yadel Foods,2179,Germaine Pescott
Blogspan Foods,5292,Mora Kerin
Tagcat Foods,437,Ingaberg Yarrell
Quire Foods,3873,Ingar Pigdon
Tagopia Foods,7517,Grantham GiacobbiniJacob
Mynte Foods,1344,Zaneta Giuron
Skipfire Foods,7694,Vonny Armell
Shuffletag Foods,6975,Price Kik
Dazzlesphere Foods,9091,Joni Santora
Buzzdog Foods,5958,Raphael Adrianello
Edgetag Foods,1725,Loree Lyard
Fadeo Foods,8413,Barbe Cheson
Photofeed Foods,9424,Marjorie Giacoboni
Innojam Foods,6719,Lars Wray
Tagchat Foods,7410,Denys Sapena
Jaxspan Foods,7816,Leela O'Dwyer
Tagcat Foods,7478,Kipper Diess
Blogtag Foods,9285,Vaughn Gration
Linklinks Foods,9273,Avis Tomenson
Feednation Foods,2867,Barnett Trevance
Demimbu Foods,7500,Ardelle Braine
Blogspan Foods,8966,Valentine Stickel
Skipfire Foods,7538,Ethelyn Cropper
Livefish Foods,5897,Stacia Cars
Rhynyx Foods,6406,Francis Ephgrave
Devify Foods,8800,Alford Kemet
Skipstorm Foods,3304,Mohammed Nunnery
Wikizz Foods,257,Teddie Kochs
Skinte Foods,5278,Becca Quarlis
Katz Foods,1715,Sarge Chattoe
Skipfire Foods,8794,Lek Crayker
Skippad Foods,2791,Riane Lockhart
Meembee Foods,4692,Julee Kibby
Fivebridge Foods,6540,Brynn Turnpenny
Meemm Foods,3551,Maible Groocock
Yamia Foods,7838,Reginald Fortoun
Lajo Foods,2648,Frederica Deadman
Realpoint Foods,7867,Cynthea Labeuil
Babblestorm Foods,7941,Veronique Merrisson
Youtags Foods,9828,Tamara Roder
Bubblemix Foods,1184,Camella Giscken
Voonder Foods,2168,Gena Loyd
Thoughtsphere Foods,986,Leoline Dewi
Brainbox Foods,5379,Mariska Tesche
Katz Foods,9157,Miguela Halpen
Trunyx Foods,2053,Chaunce Clawe
Talane Foods,506,Floyd Sowte
Buzzbean Foods,1682,Inger Gallety
Yamia Foods,5460,Gabbie Scanterbury
Zava Foods,3970,Flynn Caudrey
Roomm Foods,6996,Coral Doreward
Podcat Foods,6087,Jade Lidgate
Yamia Foods,2563,Fina Odegaard
Rhynoodle Foods,6249,Lindy Bikker
Skaboo Foods,4889,Adolphe Ommanney
Npath Foods,364,Idalia Streeten
Jayo Foods,9802,Bambie Huggard
Skiba Foods,5530,Esmeralda Perren
Camido Foods,5742,Fanechka Boothe
Fadeo Foods,8438,Mandi Enticott
Cogilith Foods,6167,Dana Blow
Agimba Foods,3814,Englebert Fideler
Bubblebox Foods,6404,Michel Hillan
Jaxspan Foods,2510,Granny Scully
Wordpedia Foods,111,Leisha Mulqueeny
Twinte Foods,8796,Cheryl Burchess
Jabberstorm Foods,4395,Chuck Davidy
Avaveo Foods,3105,Jamie Clutterbuck
Yambee Foods,4799,Francis Rockingham
Latz Foods,9337,Blaine Grcic
Livefish Foods,5694,Sheffie Stanfield
Kwimbee Foods,6602,Armando Inworth
Skyble Foods,1777,Darryl Bazoge
Oloo Foods,1577,Matthias Parlatt
Trudoo Foods,9250,Jacinda Bleythin
Edgepulse Foods,9305,Dacia Bauer
Flipbug Foods,8602,Jannel Tubbs
Skivee Foods,8845,Bobbie Wiltshaw
Zazio Foods,7935,Claire Whitter
Oyoloo Foods,1082,Kevon Fleisch
Thoughtmix Foods,365,Harrie Rhoddie
Livefish Foods,5605,Bryna Loader
Linkbuzz Foods,2466,Tabbie Durram
Teklist Foods,6888,Fee Rounce
Wordpedia Foods,7476,Shoshanna Havercroft
Rhyzio Foods,2934,Obed Arderne
Reallinks Foods,8137,Jacinda Popham
Aibox Foods,3399,Lucienne Caldayrou
Linklinks Foods,1779,Aristotle Haith
Jaxbean Foods,8568,Leena Jopp
Meembee Foods,1114,Morry Bisley
Youspan Foods,987,Clayton Beetles
Quamba Foods,1366,Torrie Prew
Bubbletube Foods,7431,Angy Bertl
Pixoboo Foods,8093,Amalle Arnet
Rhyzio Foods,3882,Thea Kittless
Yodel Foods,4579,Jany Turpin
Skippad Foods,5972,Janice Ivatts
Oyoyo Foods,9146,Wendie Caldera
Jaxspan Foods,6389,Antonina Kyncl
Fivespan Foods,4398,Flor Koopman
Skyvu Foods,6641,Ethan Cosin
Babbleblab Foods,9225,Andriana Chatterton
Wikibox Foods,3411,Loralie Peddersen
Demimbu Foods,3173,Barney Elham
Voonder Foods,7073,Bertrando Byas
Brainverse Foods,5851,Linette Manon
Flipbug Foods,1918,Padriac Fetters
Youopia Foods,1002,Elissa Gowers
Teklist Foods,4218,Alana Vanelli
Tagopia Foods,4876,Salim Lesurf
Katz Foods,8885,Rollie Speares
Fivechat Foods,7323,Arthur Jakobsson
Browsetype Foods,6325,Gaye Billham
Katz Foods,4443,Symon Kelsow
Photobug Foods,5235,Herrick Sertin
Demimbu Foods,8669,Debbi Gounet
Tazzy Foods,9359,Gearard Dewer
Pixope Foods,3475,Herculie Fields
Jazzy Foods,4540,Amandy Aughtie
Kare Foods,6010,Angelica Filipchikov
Flipopia Foods,9590,Cloe Kinvig
Linkbridge Foods,9801,Rafaello Matyatin
Abata Foods,7514,Debby Yoseloff
Gabtune Foods,7287,Marcile Cullin
Yoveo Foods,9899,Raddie de Aguirre
Mymm Foods,2304,Jacquie Hart
Dazzlesphere Foods,4353,Binny Myner
Fiveclub Foods,285,Phineas Gregoletti
Jabberbean Foods,8297,Isaiah Este
Gabtune Foods,7708,Cece Rousel
Yombu Foods,4314,Jerry Learoyde
Jamia Foods,5413,Sherie Dilrew
Wordify Foods,3923,Vincent Seeger
Kimia Foods,4933,Quill Haine
Meembee Foods,2245,Erin Loader
Skynoodle Foods,4647,Sol Crayton
Eadel Foods,3066,Sutherlan Melhuish
Thoughtsphere Foods,1990,Sven Ecclestone
Tazz Foods,8323,Enrico Boutton
Yotz Foods,8505,Allyn McGeouch
Mycat Foods,7511,Lindsay Koenen
Latz Foods,5419,Sidney Pinnigar
Eazzy Foods,3876,Darbee Bergen
Jabberstorm Foods,5482,Afton Stoile
Skibox Foods,3612,Biddie Ansty
Lajo Foods,480,Royal Glanvill
Lajo Foods,7481,Marcelle Vanderplas
Mymm Foods,4352,Elihu Peevor
Skimia Foods,2826,Courtnay Papaccio
Brainsphere Foods,4785,Fara Coils
Kwilith Foods,6473,Madelene Antonescu
Pixonyx Foods,5293,Noak Fero
Babbleblab Foods,7380,Vikky Bumby
Janyx Foods,8747,Wayland Coarser
Zooveo Foods,1106,Katinka Marle
Abata Foods,1173,Dory Privett
Wordware Foods,7444,Izzy Gerber
Quinu Foods,7769,Hogan Hirtzmann
Flashdog Foods,4893,Ilaire Paris
Photobean Foods,231,Regina Treen
Dabshots Foods,4181,Kalie Vader
Tagpad Foods,1581,Emilie Trassler
Vidoo Foods,2918,Levy Dowry
Meezzy Foods,3204,Elton Lorkin
Rhynoodle Foods,6792,Camilla Mitie
Twimbo Foods,1401,Winn Petofi
Roodel Foods,4977,Vito Sambell
Mynte Foods,4554,Ilysa Brogden
Ntag Foods,9762,Averyl Fenck
Wordware Foods,3891,Martha Philipp
Skippad Foods,3546,Jackqueline Cone
Centizu Foods,4847,Sunny Edmott
Twitterbeat Foods,3061,Brocky Cacacie
Jabberstorm Foods,5082,Christan Meecher
Voomm Foods,1784,Jessamine Peschet
Eimbee Foods,3994,Wayne Truelock
Katz Foods,2201,Coleen O'Deegan
Teklist Foods,4596,Guinevere Ianelli
Twiyo Foods,1535,Karol Petigrew
Skaboo Foods,8891,Doretta Kingscote
Quamba Foods,832,Hilly Grassi
Jaloo Foods,4727,Grady Gillion
Skibox Foods,900,Deirdre Kitteman
Oloo Foods,6445,Josepha Prendiville
Skinix Foods,4222,Ignacio Enoch
Myworks Foods,997,Conchita Plak
Buzzster Foods,1180,Valry Cotty
Flashdog Foods,4034,Corabella Higgoe
Rhybox Foods,8812,Delilah Gairdner
Meedoo Foods,3787,Darrel Berkeley
Gabspot Foods,2097,Rosene Inkles
Podcat Foods,7136,Bridie Dupree
Linklinks Foods,4700,Rosamund Lardnar
Yakijo Foods,3629,Parry Simoes
Eabox Foods,6127,Hobey Trimming
Yakijo Foods,7425,Michaela Bandt
Skyble Foods,4864,Cyril Lacy
Tagtune Foods,4833,Donelle Sedcole
Ntags Foods,936,Zorina Davidowich
Wikido Foods,9039,Eliza Windsor
Rooxo Foods,2061,Shelli Greschik
Feedspan Foods,1616,Corby Darmody
Eimbee Foods,2301,Wilow Skeffington
Wikizz Foods,2791,Claudelle Beddows
JumpXS Foods,9174,Brock Meechan
LiveZ Foods,7375,Kathleen Isack
Wordpedia Foods,3286,Lane Eede
Yambee Foods,2930,Thacher Gout
Babbleset Foods,6245,Joaquin Lenden
Mybuzz Foods,9326,Hymie Itchingham
Roomm Foods,2958,Benjamin Wilfinger
Abata Foods,6293,Grata Ladlow
JumpXS Foods,9014,Innis Huguet
Photobug Foods,9925,Nerissa Demicoli
Twinte Foods,557,Barnaby Mikalski
Realfire Foods,1946,Helaina Blanket
Yata Foods,2654,Idalina Follen
Wikibox Foods,1397,Delores Ohanessian
Twimbo Foods,6619,Nolana Wythe
Voonte Foods,9103,Lyda MacTeggart
Twitterbridge Foods,362,Alanson Stickells
Trudoo Foods,6151,Lily Bewsy
Tagopia Foods,9777,Denys Fulun
Buzzbean Foods,7995,Adelheid Akaster
Topicblab Foods,5226,Jackie Tantrum
Gigashots Foods,1053,Case Dalston
Skinder Foods,2943,Pansy Shearer
Gigashots Foods,9109,Trude Burmingham
Divanoodle Foods,8631,Elinor Hinstridge
Nlounge Foods,2928,Conney Balcombe
Zoomcast Foods,7328,Othelia Bayns
Cogibox Foods,8928,Andris Nutkin
Oyope Foods,8525,Merrill Goroni
Trilia Foods,3345,Jasun Dowley
Skaboo Foods,939,Torrie Eadmeades
Innotype Foods,3168,Hirsch Blumire
Dynabox Foods,8287,Mala Cornock
Feednation Foods,426,Sanders Dargan
Skipstorm Foods,1982,Ingaborg Dripps
Katz Foods,9618,Sherm Scotti
Lazzy Foods,1179,Gaven Emmitt
Photojam Foods,7320,Vaclav Godlip
Oyondu Foods,9574,Carita Ondrich
Skinte Foods,290,Bradly Rattrie
Oba Foods,8562,Matty Wasielewski
Feedmix Foods,9311,Iorgo Gladyer
Livefish Foods,9364,Bobine Renton
Twinder Foods,1075,Leena Tesseyman
Yodo Foods,8100,Mitzi Cota
Zoombeat Foods,5430,Antin Vivash
Voomm Foods,7021,Ram Attwoull
Livetube Foods,3861,Kristien Warret
Oyoba Foods,6347,Kandy Lenham
Divape Foods,6895,Jan Early
Yodo Foods,5227,Beaufort Grinstead
Skajo Foods,555,Gilberta Dallas
Blogtag Foods,8496,Warren Shortall
Yotz Foods,562,Hamnet Balogh
Zoovu Foods,7740,Brockie Gooddy
Rhyloo Foods,1603,Troy McKendo
Quinu Foods,9382,Gerrie Wetherby
Fatz Foods,1708,Donna Rodson
Bubbletube Foods,9343,Wernher Pearman
Blogpad Foods,2228,Aurthur MacHostie
Yamia Foods,1350,Georg Rippingale
Zooxo Foods,9341,Filberto Leyninye
Trilia Foods,7697,Marylynne Daubney
Zoovu Foods,7623,Marnie Isgar
Divanoodle Foods,3903,Reube Wallworth
Omba Foods,3113,Demetrius Briand
Fliptune Foods,7719,Timothea Nyles
Jaloo Foods,906,Drusy Pingstone
Dynabox Foods,5298,Eb Crosham
Skipstorm Foods,4620,Zarah Eckly
Chatterpoint Foods,5317,Carlos Bailess
Flipstorm Foods,1517,Page MacFadzan
Quamba Foods,3094,Stormy Tidy
Babbleblab Foods,1622,Athene Gleder
Feedfire Foods,5907,Noach Bilovsky
Demivee Foods,8170,Maridel Volcker
Yacero Foods,8449,Aloisia Hartland
Zoonder Foods,2066,Maggi Cocks
Edgepulse Foods,4738,Katheryn McGrady
Twinte Foods,9118,Reidar Ferier
Dynazzy Foods,6071,Daisie Jamblin
Shuffletag Foods,1483,Noemi Harston
Agimba Foods,5474,Hally Sneezem
Fivespan Foods,6697,Ole MacArthur
Voolia Foods,4435,Aura Enterlein
Devshare Foods,534,Alikee O'Loughlin
Twitterlist Foods,8549,Shawna Meineking
Youspan Foods,3307,Edmund Fallow
Feedfish Foods,9961,Mill Penke
Blogtags Foods,6064,Demetre Waugh
Quimm Foods,8418,Gannon Scrimgeour
Devshare Foods,2841,Constantine Stallwood
Jetpulse Foods,384,Homere de Zamora
Kazu Foods,153,Marijn Cabbell
Mydeo Foods,8255,Francine Toppas
Thoughtmix Foods,6196,Codie Kubicek
Jayo Foods,4818,Mela Borley
Voomm Foods,4795,Batholomew Davidovsky
Yombu Foods,9849,Lenard Calcott
Blogtag Foods,2332,Mariellen Brand-Hardy
Quaxo Foods,1223,Hamil Clarycott
Voonix Foods,3623,Barbara-anne Josupeit
Mynte Foods,4446,Cary Levings
Agivu Foods,8387,Pris Conklin
Kwideo Foods,8457,Magdalene Rowen
Trilith Foods,251,Frederich Tooze
Yoveo Foods,2915,Waldon Jirasek
Bluezoom Foods,8575,Nari Copner
Edgeclub Foods,8201,Marigold Narbett
Zava Foods,646,Julius De Simoni
Plajo Foods,8999,Guglielmo Becke
Avavee Foods,2455,Chiarra Christer
Podcat Foods,1604,Devin Ward
Thoughtbridge Foods,3246,Celina Hanbidge
Gabspot Foods,4806,Hendrika Pendre
Gabcube Foods,2728,Norma Romanini
Quinu Foods,4483,Paige Archbould
Avamm Foods,8893,Em Hallifax
